Product,Type,Category,Fabric,Release,Colors,Price,Re-up,Historic,MWU,InSitu,Image
Megafine Merino Socks,Socks,Clothes,Merino,2015-10-13,"Black, Midnight Gray",21,TRUE,FALSE,Unisex,http://shop.outlier.cc/retail/megafinesock.html,http://outlier.cc/productentries/products/megafinesocks/201-Outlier-MegafineMerinoSocks-2color.jpg
Ultrafine Dolman T-Shirt,T-Shirt,Clothes,Merino,2015-10-13,"Black, Medium Gray",125,FALSE,FALSE,Men,http://shop.outlier.cc/shop/retail/ultrafine-dolman-tshirt.html,http://outlier.cc/productentries/products/opp005/202-OUTLIER-OPP005-GrayFront.jpg
Doublefine Merino Cardigan,Sweater,Clothes,Merino,2015-10-13,"Navy, Deep Gray",240,TRUE,FALSE,Men,http://shop.outlier.cc/shop/retail/doublefine-cardigan.html,http://outlier.cc/productentries/productentries/products/doublefinemerinocardigan/201-Outlier-DoublefineCardigan-flats-navy.jpg
Doublefine Doublehood,Sweater,Clothes,Merino,2015-10-13,"Black, Olive Steel",298,TRUE,FALSE,Unisex,http://shop.outlier.cc/shop/retail/doublefine-doublehood.html,http://outlier.cc/productentries/products/doublefinedoublehood/203-Outlier-Doublefinedoublehood-flats-olivesteel-front.jpg
Doublefine Merino Sweatpants,Sweatpants,Clothes,Merino,2015-10-13,"Black/Red Earth, Olive Steel, Deep Gray",225,TRUE,FALSE,Men,http://shop.outlier.cc/shop/retail/merino-sweatpants.html,http://outlier.cc/productentries/products/doublefinesweatpants/201-Outlier-DoublefineSweatpants-flats-front.jpg
Doublefine Merino Hoodie,Hoodie,Clothes,Merino,2015-10-13,"Red Earth, Olive Steel, Gray Sky, Navy, Deep Gray, Black",275,TRUE,FALSE,Men,http://shop.outlier.cc/retail/doublefinehoodie.html,http://outlier.cc/productentries/products/doublefinehoodie/203-Outlier-Doublefinehoodie-flats-redearth.jpg
M-Back Longcrops,Pants,Clothes,M-Back,2015-10-13,"Static, Shademaroon",265,FALSE,FALSE,Men,http://shop.outlier.cc/shop/retail/mback-longcrops.html,http://outlier.cc/productentries/productentries/products/mbacklongcrops/201-Outlier-MBackLongCrops-flats-static.jpg
M-Back Climbers,Pants,Clothes,M-Back,2015-10-13,"Midnight Blue, Shadow, Shademaroon",225,TRUE,FALSE,Men,http://shop.outlier.cc/shop/retail/mback-climbers.html,http://outlier.cc/productentries/products/MbackClimbers/201-OUTLIER-MBackClimbers-Shadow.jpg
M-Back OGs,Pants,Clothes,M-Back,2015-10-13,"Midnight Blue, Shadow",265,TRUE,FALSE,Men,http://shop.outlier.cc/shop/retail/mback-ogs.html,http://outlier.cc/productentries/products/MbackOGs/201-OUTLIER-MBackNewOGs-Mid.jpg
Doublefine Merino Sweatpants,Sweatpants,Clothes,Merino,2015-10-07,"Black/Gray Sky, Olive Steel, Deep Gray",225,TRUE,FALSE,Men,http://shop.outlier.cc/shop/retail/merino-sweatpants.html,http://outlier.cc/productentries/200-OUTLIER-DoublefineSweatpants-Black.jpg
Doublefine Merino Hoodie,Hoodie,Clothes,Merino,2015-10-03,"Red Earth, Olive Steel, Gray Sky, Navy, Deep Gray, Black",275,TRUE,FALSE,Men,http://shop.outlier.cc/retail/doublefinehoodie.html,http://outlier.cc/productentries/products/doublefinehoodie/203-Outlier-Doublefinehoodie-flats-redearth.jpg
M-Back Climbers,Pants,Clothes,M-Back,2015-10-03,"Midnight Blue, Shadow, Shademaroon",225,FALSE,FALSE,Men,http://shop.outlier.cc/shop/retail/mback-climbers.html,http://outlier.cc/productentries/products/MbackClimbers/201-OUTLIER-MBackClimbers-Shadow.jpg
M-Back OGs,Pants,Clothes,M-Back,2015-10-03,"Midnight Blue, Shadow",265,FALSE,FALSE,Men,http://shop.outlier.cc/shop/retail/mback-ogs.html,http://outlier.cc/productentries/products/MbackOGs/201-OUTLIER-MBackNewOGs-Mid.jpg
Outlier x Boreas Ultrahigh Travel System,Backpack,Accessory,Dyneema,2015-09-29,Black,495,FALSE,FALSE,Unisex,http://shop.outlier.cc/shop/retail/outlier-boreas-ultrahigh-system.html,http://outlier.cc/productentries/products/boreasduffle/201-Outlier-Flats-BoreasDuffle-parts.jpg
Oco Merino Oxford,Shirt,Clothes,Oco Merino Oxford Cloth,2015-09-23,"Grayness, Sky Blue, Dust Maroon",128,FALSE,FALSE,Men,http://shop.outlier.cc/shop/retail/oco-merino-oxford.html,http://outlier.cc/productentries/products/ocomerinopivot/201-Outlier-flats-Ocomerinopivot-decadentchocolate-front.jpg
60/30 Chinos,Pants,Clothes,“60/30”,2015-09-23,"Purp Shadow, Rose Tan, Midnight Navy, Olive",225,TRUE,FALSE,Men,http://shop.outlier.cc/shop/retail/chino.html,http://outlier.cc/productentries/products/6030chino/203-Outlier-Flats-6030chinos-plum-front.jpg
Doublefine Merino Pullover,Sweater,Clothes,Merino,2015-09-23,"Olive Steel, Black, Gray Sky, Deep Gray, Navy, Red Earth",225,TRUE,FALSE,Men,http://shop.outlier.cc/shop/retail/merino-pullover.html,http://shop.outlier.cc/shop/media/catalog/product/cache/2/image/880x/17f82f742ffe127f42dca9de82fb58b1/2/0/204-outlier-flats-doublefinemerinopullover-navy.jpg
Slim Dungarees,Pants,Clothes,Workcloth,2015-09-21,Darkindigo,198,TRUE,FALSE,Men,http://shop.outlier.cc/shop/retail/slim-dungarees.html,http://outlier.cc/productentries/products/slimdungarees/208-OUTLIER-SlimDungarees-IndigoFront.jpg
Futureworks,Pants,Clothes,F. Cloth,2015-09-09,"Dark Navy, Flat Black, Desert Tan",125,TRUE,FALSE,Men,http://shop.outlier.cc/shop/retail/futureworks.html,http://outlier.cc/productentries/products/futureworks/201-outlier-futurework-new1.jpg
Workcloth Crops,Pants,Clothes,Workcloth,2015-09-09,"Black, Bluetint Gray",198,FALSE,FALSE,Men,http://shop.outlier.cc/shop/retail/workcloth-crops.html,http://outlier.cc/productentries/products/workclothcrops/201-Outlier-Workclothcrops-black-front.jpg
Supermarine Soft Core Bomber,Outerwear,Clothes,Supermarine,2015-09-09,"Burgundy, Black, Anthracite",595,TRUE,FALSE,Men,http://shop.outlier.cc/shop/retail/supermarine-soft-core-bomber.html,http://outlier.cc/productentries/products/supermarinebomber/201-Outlier-Bomber-Flat-gray-front.jpg
Public Prototype 013,Pants,Clothes,Linen/Poly,2015-09-02,Black,198,FALSE,FALSE,Men,http://shop.outlier.cc/shop/retail/public-prototype-013.html,http://outlier.cc/productentries/products/OPP013/201-Outlier-OPP013-InjectedLinenCrops.jpg
Slim Dungarees,Pants,Clothes,Workcloth,2015-08-27,"Maroonshadow, Bluetint Gray",198,TRUE,FALSE,Men,http://shop.outlier.cc/shop/retail/slim-dungarees.html,http://outlier.cc/productentries/products/slimdungarees/208-OUTLIER-SlimDungarees-IndigoFront.jpg
Cotton Linen Pivot,Shirt,Clothes,Linen/Cotton,2015-08-18,Navy Plaid/Light Plaid,165,FALSE,FALSE,Men,http://shop.outlier.cc/shop/retail/cotton-linen-pivot.html,http://outlier.cc/productentries/products/cottonlinenpivot/201-OUTLIER-CottonLinenPivot-.jpg
Two-Ply Blazed Button Down,Shirt,Clothes,Cotton,2015-08-18,White,144,TRUE,FALSE,Men,http://shop.outlier.cc/shop/retail/two-ply-blazed.html,http://outlier.cc/productentries/products/blazed2ply/201-OUTLIER-Blazed2Ply-Front.jpg
New OGs,Pants,Clothes,OG,2015-08-18,"Black, Charcoal, Navy Slate, Maroonshadow",225,TRUE,FALSE,Men,http://shop.outlier.cc/shop/retail/new-og.html,http://outlier.cc/products/newogs/202-OUTLIER-NewOGs-NavyFront.jpg
Slim Dungarees,Pants,Clothes,Workcloth,2015-08-18,"Black, Gray Shadow",198,TRUE,FALSE,Men,http://shop.outlier.cc/shop/retail/slim-dungarees.html,http://outlier.cc/productentries/products/slimdungarees/208-OUTLIER-SlimDungarees-IndigoFront.jpg
Merino Ribbed Henley,Henley,Clothes,Merino,2015-08-13,"Black, Red Earth, Olive Drab, Gray Sky, Navy",148,TRUE,FALSE,Men,http://shop.outlier.cc/shop/retail/merino-ribbed-henley.html,http://outlier.cc/productentries/products/merinoribbedhenley/201-OUTLIER-MerinoRibbedHenley-Black.jpg
Ultrafine Merino T-Shirt,T-Shirt,Clothes,Merino,2015-08-07,"Black, Medium Gray, Gray Light",98,TRUE,FALSE,Men,http://shop.outlier.cc/shop/retail/ultrafine-merino-tee.html,http://outlier.cc/productentries/products/merinot/204-OUTLIER-UltrafineT-jpg
Slim Dungarees (Long),Pants,Clothes,Workcloth,2015-08-06,"Darkindigo, Bluetint Gray, Concrete, Zinc",198,TRUE,FALSE,Men,http://shop.outlier.cc/shop/retail/slim-dungarees.html,http://outlier.cc/productentries/products/slimdungarees/208-OUTLIER-SlimDungarees-IndigoFront.jpg
Public Prototype 012,Outerwear,Clothes,Ultralight,2015-07-31,Black,365,FALSE,FALSE,Men,http://shop.outlier.cc/shop/retail/opp-012.html,https://scontent.cdninstagram.com/hphotos-xfa1/t51.2885-15/s320x320/e35/11821793_515919848562734_1893218409_n.jpg
Climbers,Pants,Clothes,OG,2015-07-30,"Black, Navy Slate, Stone Blue",198,TRUE,FALSE,Men,http://shop.outlier.cc/shop/retail/the-climbers.html,http://outlier.cc/productentries/products/theclimbers/201-OUTLIER-TheClimbers-Black.jpg
Ultrahigh Backpack,Backpack,Accessory,Dyneema,2015-07-23,Black,375,TRUE,FALSE,Unisex,http://shop.outlier.cc/shop/retail/ultrahigh-backpack.html,http://shop.outlier.cc/shop/media/catalog/product/cache/2/small_image/200x300/9df78eab33525d08d6e5fb8d27136e95/o/u/outlier-ultrahighbackpack-shop2.jpg
Public Prototype 011,Shirt,Clothes,Linen,2015-07-21,Navy,188,FALSE,FALSE,Men,http://shop.outlier.cc/shop/retail/opp-011.html,http://outlier.cc/productentries/products/opp010/201-OUTLIER-OPP010-.jpg
Doublefine Merino Sweatpants,Sweatpants,Clothes,Merino,2015-07-21,"Gray Sky, Black, Deep Gray",225,TRUE,FALSE,Men,http://shop.outlier.cc/shop/retail/merino-sweatpants.html,http://outlier.cc/productentries/products/merinosweatpants/201-OUTLIER-DoublefineMerinoSweatpants-BlueSwoosh2.jpg
Suncloth Pivot,Shirt,Clothes,Cotton/Tencel,2015-07-14,White,248,TRUE,FALSE,Men,http://shop.outlier.cc/shop/retail/suncloth-pivot.html,http://outlier.cc/productentries/products/sunclothpivot/201-OUTLIER-SunclothPivot-White.jpg
Runweight Merino T-Shirt,T-Shirt,Clothes,Runweight Merino,2015-07-14,"Washed Indigo, Near Black",88,TRUE,FALSE,Men,http://shop.outlier.cc/shop/retail/runweight-merino-tshirt.html,http://outlier.cc/productentries/products/runweightmerinotshirt/201-OUTLIER-RunWeightT-Front.jpg
Ultralight Crops,Pants,Clothes,Ultralight,2015-07-14,"Offshore Blue, Skytint Gray, Deep Navy, Black, Moss Olive",198,FALSE,FALSE,Men,http://shop.outlier.cc/shop/retail/ultralight-crops.html,http://outlier.cc/productentries/products/ultralightcrops/206-OUTLIER-UltralightCrops-MossOlive.jpg
Public Prototype 010,Vest,Clothes,Ultralight,2015-07-14,"Skytint Gray, Black",325,FALSE,FALSE,Men,http://shop.outlier.cc/shop/retail/opp-010.html,http://outlier.cc/productentries/products/opp010/201-OUTLIER-OPP-BlackFront.jpg
Ultralight Freeshell,Outerwear,Clothes,Ultralight,2015-06-29,"Moss Olive, Offshore Blue, Deep Gray",365,TRUE,FALSE,Men,http://shop.outlier.cc/shop/retail/ultralight-freeshell.html,http://outlier.cc/productentries/products/ultralightfreeshell062015/204-OUTLIER-UltralightFreeShell-OffshoreBlue.jpg
Megafine Merino Socks,Socks,Clothes,Merino,2015-06-26,Black,21,TRUE,FALSE,Unisex,http://shop.outlier.cc/retail/megafinesock.html,http://outlier.cc/productentries/products/megafinesocks/109_outlier_megafinesock.jpg
Slim Dungarees,Pants,Clothes,Workcloth,2015-06-26,"Concrete, Zinc, Darkindigo",198,TRUE,FALSE,Men,http://shop.outlier.cc/shop/retail/slim-dungarees.html,http://outlier.cc/productentries/products/slimdungarees/208-OUTLIER-SlimDungarees-IndigoFront.jpg
New OGs,Pants,Clothes,OG,2015-06-25,Black,240,TRUE,FALSE,Men,http://shop.outlier.cc/shop/retail/new-og.html,http://outlier.cc/productentries/products/newogs/201-OUTLIER-NewOGs-Black.png
Public Prototype 009,T-Shirt,Clothes,Ramie,2015-06-23,Navy,135,FALSE,FALSE,Men,http://shop.outlier.cc/shop/retail/opp-009.html,http://outlier.cc/productentries/products/opp009/201-OUTLIER-OPP009-Front.jpg
Futureworks,Pants,Clothes,F. Cloth,2015-06-22,"Washed Indigo, Shademaroon, Zinc, Flat Black",125,TRUE,FALSE,Men,http://shop.outlier.cc/shop/retail/futureworks.html,http://outlier.cc/productentries/products/futureworks-062015/201-OUTLIER-Futureworks-WashedIndigo.jpg
Public Prototype 008,T-Shirt,Clothes,Merino/Cotton,2015-06-17,White,98,FALSE,FALSE,Men,http://shop.outlier.cc/shop/retail/opp-008.html,http://outlier.cc/productentries/products/opp008/201-OUTLIER-CottonweightT-Front.jpg
Breezy Linen Pivot,Shirt,Clothes,Linen,2015-06-10,"Bright Blue, White, Dark Blue",165,FALSE,FALSE,Men,http://shop.outlier.cc/shop/retail/breezylinenpivot.html,http://outlier.cc/productentries/products/breezylinenpivot/203-OUTLIER-BreezyLinenPivot-DarkBlue.jpg
Grid Linen Bathrobe,Bathrobe,Accessory,Linen,2015-06-09,"Mid Indigo, Skyway, Summer Blue",148,TRUE,FALSE,Unisex,http://shop.outlier.cc/shop/retail/grid-linen-bathrobe.html,http://outlier.cc/productentries/products/gridlinenbathrobe/201-OUTLIER-GridLinenRobe-Ghost.jpg
Grid Linen Towel S,Towel,Accessory,Linen,2015-06-09,"Mid Indigo, Skyway, Summer Blue, White",25,TRUE,FALSE,Unisex,http://shop.outlier.cc/shop/retail/grid-linen-towel.html,http://outlier.cc/productentries/products/gridlinentowel/107-OUTLIER-GridLinenTowel-GreenRoll.jpg
Grid Linen Towel M,Towel,Accessory,Linen,2015-06-09,"Mid Indigo, Skyway, Summer Blue, White",36,TRUE,FALSE,Unisex,http://shop.outlier.cc/shop/retail/grid-linen-towel.html,http://outlier.cc/productentries/products/gridlinentowel/107-OUTLIER-GridLinenTowel-GreenRoll.jpg
Grid Linen Towel L,Towel,Accessory,Linen,2015-06-09,"Mid Indigo, Skyway, Summer Blue, White",50,TRUE,FALSE,Unisex,http://shop.outlier.cc/shop/retail/grid-linen-towel.html,http://outlier.cc/productentries/products/gridlinentowel/107-OUTLIER-GridLinenTowel-GreenRoll.jpg
Grid Linen Towel XL,Towel,Accessory,Linen,2015-06-09,"Mid Indigo, Skyway, Summer Blue, White",88,TRUE,FALSE,Unisex,http://shop.outlier.cc/shop/retail/grid-linen-towel.html,http://outlier.cc/productentries/products/gridlinentowel/107-OUTLIER-GridLinenTowel-GreenRoll.jpg
Mojave Pivot Shirt,Shirt,Clothes,Linen/Cotton,2015-06-09,"Summer Blue, Olive, White, Dark Blue, Dark Gray",128,TRUE,FALSE,Men,http://shop.outlier.cc/retail/mojave-pivot-shirt.html,http://outlier.cc/productentries/products/mojavepr/201-OUTLIER-MojavePivot-Blue.jpg
New Way Shorts,Shorts,Clothes,F. Cloth,2015-06-09,"Ghost Blue, Washed Indigo, Shademaroon, Zinc, Flat Black",120,TRUE,FALSE,Men,http://shop.outlier.cc/shop/retail/new-way-shorts.html,http://outlier.cc/productentries/products/newwayshorts/202-OUTLIER-NewWayShorts-DesertTan.jpg
Public Prototype 007,Hoodie,Clothes,Merino,2015-05-28,"Marsdust, Black",275,FALSE,FALSE,Men,http://shop.outlier.cc/shop/retail/opp-007.html,http://outlier.cc/productentries/products/opp007/203-OUTLIER-OPP007-Front3.jpg
Runweight Shorts,Shorts,Clothes,Ultralight,2015-05-26,Black,175,TRUE,FALSE,Men,http://shop.outlier.cc/shop/retail/runweight-shorts.html,http://outlier.cc/productentries/products/runweightshorts/201-OUTLIER-RunweightShorts-WhitetintGray.jpg
60/30 Blazer,Blazer,Clothes,“60/30”,2015-05-26,"Desert Tan, Dark Marine, Bluegray",550,TRUE,FALSE,Men,http://shop.outlier.cc/shop/retail/6030blazer.html,http://outlier.cc/productentries/products/6030blazer/201-OUTLIER-6030Blazer-MidnightGray.jpg
60/30 Chinos,Pants,Clothes,“60/30”,2015-05-26,"Desert Tan, Dark Marine, Bluegray",225,TRUE,FALSE,Men,http://shop.outlier.cc/shop/retail/chino.html,http://outlier.cc/productentries/products/6030chinos/202-OUTLIER-Flat-MidnightGray.jpg
Public Prototype 006,T-Shirt,Clothes,Merino,2015-05-19,"Black, Gray",165,FALSE,FALSE,Men,http://shop.outlier.cc/shop/retail/opp-006.html,http://outlier.cc/productentries/products/opp006/201-OUTLIER-OPP006-Gray1.jpg
Cowlhood,Sweater,Clothes,Merino,2015-05-13,Black,188,TRUE,FALSE,Unisex,http://shop.outlier.cc/shop/retail/cowlhood.html,http://outlier.cc/productentries/products/cowlhood1214/201-OUTLIER-TheCowlhood-Black.jpg
Light Rain Shirt,Shirt,Clothes,Supermarine,2015-05-13,Black,225,FALSE,FALSE,Men,http://shop.outlier.cc/shop/retail/light-rain-shirt.html,http://outlier.cc/productentries/products/maybearainshirt/201-OUTLIER-LightRainShirt-Front.jpg
Free Way Shorts,Shorts,Clothes,OG,2015-05-13,"Moss Olive, Offshore Blue, Black, Quiet Shade",175,TRUE,FALSE,Men,http://shop.outlier.cc/shop/retail/free-way-shorts.html,http://outlier.cc/productentries/products/freewayshorts-052015/201-OUTLIER-FreeWayShorts-QuietShade.jpg
Public Prototype 005,T-Shirt,Clothes,Merino,2015-05-13,"Black, Gray",125,FALSE,FALSE,Men,http://shop.outlier.cc/shop/retail/opp-005.html,http://outlier.cc/productentries/products/opp005/204-OUTLIER-OPP005-Black.jpg
Slim Dungarees (Long),Pants,Clothes,Workcloth,2015-05-12,"Bluetint Gray, Black, Darkindigo",198,TRUE,FALSE,Men,http://shop.outlier.cc/shop/retail/slim-dungarees.html,http://outlier.cc/productentries/products/slimdungarees/208-OUTLIER-SlimDungarees-IndigoFront.jpg
Public Prototype 004,Pants,Clothes,Workcloth,2015-05-04,Black,198,FALSE,FALSE,Men,http://shop.outlier.cc/shop/retail/opp-004.html,http://outlier.cc/productentries/products/opp4/201-OPP004-Front.jpg
Ultrahigh Backpack,Backpack,Accessory,Dyneema,2015-04-29,Black,375,FALSE,FALSE,Unisex,http://shop.outlier.cc/shop/retail/ultrahigh-backpack.html,http://shop.outlier.cc/shop/media/catalog/product/cache/2/small_image/200x300/9df78eab33525d08d6e5fb8d27136e95/o/u/outlier-ultrahighbackpack-shop2.jpg
New Way Longs,Shorts,Clothes,F. Cloth,2015-04-28,"Copper Dawn, Resonant Blue, Desert Tan, Dust Olive, Deep Gray, Flat Black",125,FALSE,FALSE,Men,http://shop.outlier.cc/shop/retail/new-way-longs.html,http://outlier.cc/productentries/products/newwaylongs/203-OUTLIER-NewWayLongs-CopperDawn.jpg
Public Prototype 003,Shirt,Clothes,Linen/Wool,2015-04-23,"Blue, Gray",198,FALSE,FALSE,Men,http://shop.outlier.cc/shop/retail/opp-003.html,http://outlier.cc/productentries/products/opp003/203-OUTLIER-LinenWoolPivot-BlueFront.jpg
Sleeveless Merino T-Shirt,Tank Top,Clothes,Merino,2015-04-15,Black,88,FALSE,FALSE,Men,http://shop.outlier.cc/shop/retail/sleeveless-merino-t-shirt.html,http://outlier.cc/productentries/products/sleevelesstee/201-OUTLIER-SleevelessMerinoT-Black.jpg
Openweight Merino Longsleeve,T-Shirt,Clothes,Openweight Merino,2015-04-15,Black,120,FALSE,FALSE,Men,http://shop.outlier.cc/shop/retail/openweight-merino-longsleeve.html,http://outlier.cc/productentries/products/openweightmerinolongsleeve/201-OUTLIER-OpenweightMerinoLongsleeve-Front.jpg
Openweight Merino T-Shirt,T-Shirt,Clothes,Openweight Merino,2015-04-15,Black,88,FALSE,FALSE,Men,http://shop.outlier.cc/shop/retail/openweight-merino-tshirt.html,http://outlier.cc/productentries/products/openweighttee/201-OUTLIER-OpenWeightMerinoT-Black.jpg
Airspace Transparent Pullover,Sweater,Clothes,Airspace Mesh,2015-04-15,"Black, Gray",165,TRUE,FALSE,Men,http://shop.outlier.cc/shop/retail/airspace-transparent-pullover.html,http://outlier.cc/productentries/products/airspacetransparent/20141024_Outlier_Mesh_0144-2.jpg
Runweight Shorts,Shorts,Clothes,Ultralight,2015-04-15,"Whitetint Gray, New Slate",175,TRUE,FALSE,Men,http://shop.outlier.cc/shop/retail/runweight-shorts.html,http://outlier.cc/productentries/products/runweightshorts/201-OUTLIER-RunweightShorts-WhitetintGray.jpg
Climbers,Pants,Clothes,OG,2015-04-15,"Black, Charcoal",198,TRUE,FALSE,Men,http://shop.outlier.cc/shop/retail/the-climbers.html,http://outlier.cc/productentries/products/theclimbers/201-OUTLIER-TheClimbers-Black.jpg
Merino Co-Pivot,Shirt,Clothes,Merino,2015-04-09,"Sky Blue, Red Dust, Night Blue",175,TRUE,FALSE,Men,http://shop.outlier.cc/shop/retail/merino-co-pivot.html,http://outlier.cc/productentries/products/merinoco/202-OUTLIER-MerinoCoPivot-NewColor2.jpg
Slim Dungarees,Pants,Clothes,Workcloth,2015-04-02,"Black, Olive Black, Bluetint Gray, Dark Indigo",198,TRUE,FALSE,Men,http://shop.outlier.cc/shop/retail/slim-dungarees.html,http://outlier.cc/productentries/products/slimdungarees2015/203-OUTLIER-SlimDungarees-BluetintGray.jpg
Ripstop Merino Heavy Shirt,Shirt,Clothes,Merino,2015-03-26,Navy,225,TRUE,FALSE,Men,http://shop.outlier.cc/shop/retail/ripstop-merino-heavy-shirt.html,http://outlier.cc/productentries/products/ripstopheavyshirt/201-OUTLIER-RipStopHeavy-OhBaby.jpg
Mojave Pivot Shirt,Shirt,Clothes,Linen/Cotton,2015-03-17,"Summer Blue, Olive, White, Dark Blue, Dark Gray",128,TRUE,FALSE,Men,http://shop.outlier.cc/retail/mojave-pivot-shirt.html,http://outlier.cc/productentries/products/mojavepr/201-OUTLIER-MojavePivot-Blue.jpg
New Way Shorts,Shorts,Clothes,F. Cloth,2015-03-17,"Copper Dawn, Resonant Blue, Desert Tan, Dust Olive, Deep Gray, Flat Black",120,TRUE,FALSE,Men,http://shop.outlier.cc/shop/retail/new-way-shorts.html,http://outlier.cc/productentries/products/newwayshorts/202-OUTLIER-NewWayShorts-DesertTan.jpg
Futureworks,Pants,Clothes,F. Cloth,2015-03-10,"Deep Gray, Resonant Blue, Flat Black, Desert Tan",125,TRUE,FALSE,Men,http://shop.outlier.cc/shop/retail/futureworks.html,http://outlier.cc/productentries/products/futureworks/201-OUTLIER-Futureworks-Front.jpg
Two-Ply Blazed Button Down,Shirt,Clothes,Cotton,2015-03-04,White,144,TRUE,FALSE,Men,http://shop.outlier.cc/shop/retail/two-ply-blazed.html,http://outlier.cc/productentries/products/blazed2ply/201-OUTLIER-Blazed2Ply-Front.jpg
Ultrafine Merino T-Shirt,T-Shirt,Clothes,Merino,2015-03-04,"Copper Dawn, Deep Gray, Dusk Blue",98,TRUE,FALSE,Men,http://shop.outlier.cc/shop/retail/ultrafine-merino-tee.html,http://outlier.cc/productentries/products/merinot/204-OUTLIER-UltrafineT-jpg
Climbers,Pants,Clothes,OG,2015-03-04,"Black, Charcoal, Quiet Shade",198,TRUE,FALSE,Men,http://shop.outlier.cc/shop/retail/the-climbers.html,http://outlier.cc/productentries/products/theclimbers/202o-OUTLIER-TheClimbers-OliveFront.jpg
Public Prototype 002,Shirt,Clothes,Merino/Cotton,2015-02-25,Gray,128,FALSE,FALSE,Men,http://shop.outlier.cc/shop/retail/opp-002.html,http://outlier.cc/productentries/products/opp2/203-OUTLIER-S100Pivot-Gray2.jpg
Public Prototype 001,Sweater,Clothes,Merino,2015-02-17,"Blue/Black, Gray/Gray",225,FALSE,FALSE,Men,http://shop.outlier.cc/shop/retail/opp-001.html,http://outlier.cc/productentries/200-OUTLIER-OPP-Nice.jpg
Climbers,Pants,Clothes,OG,2015-02-03,"Black, Charcoal",198,TRUE,FALSE,Men,http://shop.outlier.cc/shop/retail/the-climbers.html,http://outlier.cc/productentries/products/theclimbers/202o-OUTLIER-TheClimbers-OliveFront.jpg
Strongworks,Pants,Clothes,Strongcloth,2015-01-26,"Blue, Gray",150,FALSE,FALSE,Men,http://shop.outlier.cc/shop/retail/strongworks.html,http://outlier.cc/productentries/products/strongworks/202-OUTLIER-StrongWorks-Gray2.jpg
Slim Dungarees,Pants,Clothes,Workcloth,2015-01-21,Black,198,TRUE,FALSE,Men,http://shop.outlier.cc/shop/retail/slim-dungarees.html,http://outlier.cc/productentries/products/slimdungarees/208-OUTLIER-SlimDungarees-IndigoFront.jpg
Blazed Slim Button Down Pivot,Shirt,Clothes,Cotton,2015-01-14,"Pale Blue, White, Bluegray",125,TRUE,FALSE,Men,http://shop.outlier.cc/shop/retail/blazed-slim-button-down.html,http://outlier.cc/productentries/products/blazedslim/204-OUTLIER-BlazedSlim-BlueGray.jpg
New OGs,Pants,Clothes,OG,2015-01-09,"Black, New Slate",240,TRUE,FALSE,Men,http://shop.outlier.cc/shop/retail/new-og.html,http://outlier.cc/products/newogs/202-OUTLIER-NewOGs-NavyFront.jpg
Blazed Button Down Pivot,Shirt,Clothes,Cotton,2015-01-08,"Spring Blue, Microcheck Dark, Microcheck Light",125,TRUE,FALSE,Men,http://shop.outlier.cc/shop/retail/blazed-button-down.html,http://outlier.cc/productentries/products/blazedbuttondown/203-OUTLIER-BlazedButtonDown-LandSick.jpg
Supermarine Soft Core Bomber,Outerwear,Clothes,Supermarine,2014-12-16,"Black, Navy",595,FALSE,FALSE,Men,http://shop.outlier.cc/shop/retail/supermarine-soft-core-bomber.html,http://outlier.cc/productentries/products/supermarinebomber/201-OUTLIER-SupermarineBomber-NavyFront.jpg
Hood,Hood,Accessory,Supermarine,2014-12-16,Black,144,FALSE,FALSE,Unisex,http://shop.outlier.cc/shop/retail/hood.html,http://outlier.cc/productentries/products/superhood/201-OUTLIER-Superhood-Side.jpg
Key Piece,Keychain,Accessory,Nylon,2014-12-09,Black,48,FALSE,FALSE,Unisex,http://shop.outlier.cc/shop/retail/key-piece.html,http://outlier.cc/productentries/products/keypiece/104-OUTLIER-KeyPiece.jpg
Expensive Square,Throw,Accessory,Merino,2014-12-09,Gray,120,FALSE,FALSE,Unisex,http://shop.outlier.cc/shop/retail/expensive-square.html,http://outlier.cc/productentries/products/expensivesquare/201-OUTLIER-ExpensiveSquare-.jpg
Grid Linen Bathrobe,Bathrobe,Accessory,Linen,2014-12-09,"Gray Sky, Blue Wing",148,TRUE,FALSE,Unisex,http://shop.outlier.cc/shop/retail/grid-linen-bathrobe.html,http://outlier.cc/productentries/products/gridlinenbathrobe/201-OUTLIER-GridLinenRobe-Ghost.jpg
Grid Linen Towel M,Towel,Accessory,Linen,2014-12-09,"Gray Sky, Blue Wing",40,TRUE,FALSE,Unisex,http://shop.outlier.cc/shop/retail/grid-linen-towel.html,http://outlier.cc/productentries/products/gridlinentowel/107-OUTLIER-GridLinenTowel-GreenRoll.jpg
Grid Linen Towel L,Towel,Accessory,Linen,2014-12-09,"Gray Sky, Blue Wing",60,TRUE,FALSE,Unisex,http://shop.outlier.cc/shop/retail/grid-linen-towel.html,http://outlier.cc/productentries/products/gridlinentowel/107-OUTLIER-GridLinenTowel-GreenRoll.jpg
Futureworks,Pants,Clothes,F. Cloth,2014-12-09,"Flat Black, Dust Olive",125,TRUE,FALSE,Men,http://shop.outlier.cc/shop/retail/futureworks.html,http://outlier.cc/productentries/products/futureworks/201-OUTLIER-Futureworks-Front.jpg
Ultrahigh Duffle + Extra Strap,Dufflebag,Accessory,Dyneema,2014-12-03,Black,550,FALSE,FALSE,Unisex,http://shop.outlier.cc/shop/retail/ultrahigh-duffle.html,http://gearhungry.com/wp-content/uploads/2014/12/Outlier-Ultrahigh-Duffle.jpg
Ultrahigh Duffle,Dufflebag,Accessory,Dyneema,2014-12-03,Black,450,FALSE,FALSE,Unisex,http://shop.outlier.cc/shop/retail/ultrahigh-duffle.html,http://gearhungry.com/wp-content/uploads/2014/12/Outlier-Ultrahigh-Duffle.jpg
60/30 Blazer,Blazer,Clothes,“60/30”,2014-11-26,"Black, Midnight Navy",550,TRUE,FALSE,Men,http://shop.outlier.cc/shop/retail/6030blazer.html,http://outlier.cc/productentries/products/6030blazer/201-OUTLIER-6030Blazer-MidnightGray.jpg
Ho Stripe Overshirt,Shirt,Clothes,Merino,2014-11-24,"Black/Blue, Charcoal/Navy, Black/Charcoal",225,FALSE,FALSE,Men,http://shop.outlier.cc/shop/retail/ho-stripe-overshirt.html,http://outlier.cc/productentries/products/hostripe/201-OUTLIER-HoStripe.jpg
Ultrafine Merino T-Shirt,T-Shirt,Clothes,Merino,2014-11-24,"Black, Medium Gray, Near White",98,TRUE,FALSE,Men,http://shop.outlier.cc/shop/retail/ultrafine-merino-tee.html,http://outlier.cc/productentries/products/merinot/204-OUTLIER-UltrafineT-jpg
60/30 Chinos,Pants,Clothes,“60/30”,2014-11-24,"Black, Midnight Navy, Army Green",225,TRUE,FALSE,Men,http://shop.outlier.cc/shop/retail/chino.html,http://outlier.cc/productentries/products/6030chinos/202-OUTLIER-Flat-MidnightGray.jpg
Merino Racerback Tank,Tank Top,Clothes,Merino,2014-11-21,"Black, Medium Gray, Orange",77,TRUE,FALSE,Women,http://shop.outlier.cc/shop/retail/merino-racerback-tank.html,http://outlier.cc/productentries/products/womenstank/201-OUTLIER-WomensTank-OrangeFrontup.jpg
Cowlhood,Sweater,Clothes,Merino,2014-11-21,"Black, Medium Gray",188,FALSE,FALSE,Unisex,http://shop.outlier.cc/shop/retail/cowlhood.html,http://outlier.cc/productentries/products/thecowlhood/201-OUTLIER-Kenny-Navy.jpg
Doublefine Doublehood,Sweater,Clothes,Merino,2014-11-21,"Black, Darkspace",298,FALSE,FALSE,Unisex,http://shop.outlier.cc/shop/retail/doublefine-doublehood.html,http://outlier.cc/productentries/products/doublefinehoodecowl/201-OUTLIER-DoublefineCartmanigan-BlackFront.jpg
Doublefine Merino Hoodie,Hoodie,Clothes,Merino,2014-11-19,Darkspace,275,TRUE,FALSE,Men,http://shop.outlier.cc/retail/doublefinehoodie.html,http://outlier.cc/productentries/products/doublefinehoodie/203d-OUTLIER-DoublefineMerinoHoodie-DeepGray.jpg
Doublefine Merino Sweatpants,Sweatpants,Clothes,Merino,2014-11-19,Darkspace,250,TRUE,FALSE,Men,http://shop.outlier.cc/shop/retail/merino-sweatpants.html,http://outlier.cc/productentries/products/merinosweatpants/201-OUTLIER-DoublefineMerinoSweatpants-BlueSwoosh2.jpg
Ultramagnetic Merino Bandana,Bandana,Accessory,Merino,2014-11-19,Darkspace,77,TRUE,FALSE,Unisex,http://shop.outlier.cc/shop/retail/ultramagnetic-merino-bandana.html,http://outlier.cc/productentries/ultramagneticbandana/201-OUTLIER-UltraMagneticBandana-ShadeMaroon.jpg
Merino Co-Pivot,Shirt,Clothes,Merino,2014-11-18,"Blacktint, Midrange Gray",175,TRUE,FALSE,Men,http://shop.outlier.cc/shop/retail/merino-co-pivot.html,http://outlier.cc/productentries/products/merinocopivot/202-OUTLIER-MerinoCoPivot-RedFront.jpg
Airspace Merino Pullover,Sweater,Clothes,Airspace Mesh,2014-11-11,"Black, Gray",225,FALSE,FALSE,Men,http://shop.outlier.cc/shop/retail/airspace-merino-pullover.html,http://outlier.cc/productentries/products/airspacemerino/205-OUTLIER-AirspaceMerino-Black.jpg
Airspace Transparent Pullover,Sweater,Clothes,Airspace Mesh,2014-11-11,"Black, Gray",198,FALSE,FALSE,Men,http://shop.outlier.cc/shop/retail/airspace-transparent-pullover.html,http://outlier.cc/productentries/products/airspacetransparent/200-OUTLIER-AirspaceTransparentPullover-whatsthere.jpg
Air-Forged Oxford (Long),Shirt,Clothes,Air Forged,2014-11-10,"Blue, Dark Navy, Earthshadow, Lightning Gray, Storm Gray",98,TRUE,FALSE,Men,http://shop.outlier.cc/shop/retail/air-forged-oxford.html,http://outlier.cc/products/airforgedoxford/200-OUTLIER-AirForgedOxford-Gray1.jpg
Triple Wool Vest,Vest,Clothes,Merino,2014-11-04,"Earth, Gray",275,FALSE,FALSE,Men,http://shop.outlier.cc/shop/retail/triple-wool-vest.html,http://outlier.cc/productentries/products/triplewoolvest/201-OUTLIER-TripleWoolVest-Gray.jpg
Megafine Merino Socks,Socks,Clothes,Merino,2014-11-03,Black,21,TRUE,FALSE,Unisex,http://shop.outlier.cc/retail/megafinesock.html,http://outlier.cc/productentries/products/megafinesocks/109_outlier_megafinesock.jpg
Doublefine Merino Pullover,Sweater,Clothes,Merino,2014-10-21,"Black, Blue Wing, Deep Gray, Gray Sky, Marsdust, Shademaroon",225,FALSE,FALSE,Men,http://shop.outlier.cc/shop/retail/merino-pullover.html,http://outlier.cc/productentries/products/doublefinepullover/201-OUTLIER-DoublefinePullover.jpg
Ultramagnetic Merino Bandana,Bandana,Accessory,Merino,2014-10-21,"Black, Deep Gray, Gray Sky, Shademaroon",77,FALSE,FALSE,Unisex,http://shop.outlier.cc/shop/retail/ultramagnetic-merino-bandana.html,http://outlier.cc/productentries/ultramagneticbandana/201-OUTLIER-UltraMagneticBandana-ShadeMaroon.jpg
4x4 Merino Scarf,Scarf,Accessory,Merino,2014-10-21,"Blue Wing, Deep Gray, Marsdust, Shademaroon",98,TRUE,FALSE,Unisex,http://shop.outlier.cc/shop/retail/4x4-merino-scarf.html,http://outlier.cc/productentries/products/4x4scarves/201-OUTLIER-4x4-Napkins.jpg
Doublefine Merino Sweatpants,Sweatpants,Clothes,Merino,2014-10-21,"Gray Sky, Marsdust, Black",250,TRUE,FALSE,Men,http://shop.outlier.cc/shop/retail/merino-sweatpants.html,http://outlier.cc/productentries/products/merinosweatpants/201-OUTLIER-DoublefineMerinoSweatpants-BlueSwoosh2.jpg
M-Back Freeshell,Outerwear,Clothes,M-Back,2014-10-14,"Midnight, Shadow, Static",375,FALSE,FALSE,Men,http://shop.outlier.cc/shop/retail/mback-freeshell.html,http://outlier.cc/productentries/products/MbackFreeShell/201-OUTLIER-MBackFreeShell-LightFront.jpg
M-Back Climbers,Pants,Clothes,M-Back,2014-10-14,"Midnight, Shadow, Static",225,FALSE,FALSE,Men,http://shop.outlier.cc/shop/retail/mback-climbers.html,http://outlier.cc/productentries/products/MbackClimbers/201-OUTLIER-MBackClimbers-Shadow.jpg
M-Back OGs,Pants,Clothes,M-Back,2014-10-14,"Midnight, Shadow, Static",265,FALSE,FALSE,Men,http://shop.outlier.cc/shop/retail/mback-ogs.html,http://outlier.cc/productentries/products/MbackOGs/201-OUTLIER-MBackNewOGs-Mid.jpg
Strong Vest,Vest,Clothes,Strongcloth,2014-09-30,"Blue, Gray",175,FALSE,FALSE,Men,http://shop.outlier.cc/shop/retail/strong-vest.html,http://outlier.cc/productentries/products/strongvest/201-OUTLIER-StrongVest-Nice.jpg
Air-Forged Oxford,Shirt,Clothes,Air Forged,2014-09-30,"Blue, Dark Navy, Earthshadow, Lightning Gray, Storm Gray",98,TRUE,FALSE,Men,http://shop.outlier.cc/shop/retail/air-forged-oxford.html,http://outlier.cc/products/airforgedoxford/200-OUTLIER-AirForgedOxford-Gray1.jpg
60/30 Chinos,Pants,Clothes,“60/30”,2014-09-30,Deep Tan,225,TRUE,FALSE,Men,http://shop.outlier.cc/shop/retail/chino.html,http://outlier.cc/productentries/products/6030chinos/202-OUTLIER-Flat-MidnightGray.jpg
Doublefine Merino Hoodie,Hoodie,Clothes,Merino,2014-09-26,"Black/Darkspace, Blue Wing, Deep Gray, Gray Sky, Shademaroon",275,TRUE,FALSE,Men,http://shop.outlier.cc/retail/doublefinehoodie.html,http://outlier.cc/productentries/products/doublefinehoodie/203d-OUTLIER-DoublefineMerinoHoodie-DeepGray.jpg
Liberated Wool Peacoat,Outerwear,Clothes,Liberated Wool,2014-09-17,"Navy, Charcoal",650,TRUE,FALSE,Men,http://shop.outlier.cc/shop/retail/liberated-wool-peacoat.html,http://outlier.cc/productentries/products/henley/202-OUTLIER-Peacoat-Charcoal.jpg
Ultrafine Merino T-Shirt,T-Shirt,Clothes,Merino,2014-09-11,"Blue Wing, Gray Light, Deep Gray",98,TRUE,FALSE,Men,http://shop.outlier.cc/shop/retail/ultrafine-merino-tee.html,http://outlier.cc/productentries/products/merinot/204-OUTLIER-UltrafineT-jpg
Blazed Slim Button Down Pivot,Shirt,Clothes,Cotton,2014-09-11,"Pale Blue, White, Bluegray",125,TRUE,FALSE,Men,http://shop.outlier.cc/shop/retail/blazed-slim-button-down.html,http://outlier.cc/productentries/products/blazedslim/204-OUTLIER-BlazedSlim-BlueGray.jpg
Slim Dungarees,Pants,Clothes,Workcloth,2014-09-10,"Darkindigo, Gray Shadow",198,TRUE,FALSE,Men,http://shop.outlier.cc/shop/retail/slim-dungarees.html,http://outlier.cc/productentries/products/slimdungarees/208-OUTLIER-SlimDungarees-IndigoFront.jpg
Shank Jacket,Outerwear,Clothes,Workcloth,2014-09-03,Black,395,TRUE,FALSE,Men,http://shop.outlier.cc/shop/retail/shank-jacket.html,http://outlier.cc/productentries/products/shankjack/201-OUTLIER-ShankJacket-Front2.jpg
Merino Ribbed Henley,Henley,Clothes,Merino,2014-09-03,"Deep Blue, Deep Gray, Evergreen, Medium Gray",148,TRUE,FALSE,Men,http://shop.outlier.cc/shop/retail/merino-ribbed-henley.html,http://outlier.cc/productentries/products/merinoribbedhenley/201-OUTLIER-MerinoRibbedHenley-Black.jpg
Futureworks,Pants,Clothes,F. Cloth,2014-09-03,"Dark Navy, Gray, Dust Olive",125,TRUE,FALSE,Men,http://shop.outlier.cc/shop/retail/futureworks.html,http://outlier.cc/productentries/products/futureworks/201-OUTLIER-Futureworks-Front.jpg
Merino Co-Pivot,Shirt,Clothes,Merino,2014-08-19,"Gray Sky, Sky Blue, Tataouine Red, Twilight Blue",175,TRUE,FALSE,Men,http://shop.outlier.cc/shop/retail/merino-co-pivot.html,http://outlier.cc/productentries/products/merinocopivot/202-OUTLIER-MerinoCoPivot-RedFront.jpg
New OGs,Pants,Clothes,OG,2014-08-12,"Charcoal, Dark Navy, Desert Tan, Black",240,TRUE,FALSE,Men,http://shop.outlier.cc/shop/retail/new-og.html,http://outlier.cc/products/newogs/202-OUTLIER-NewOGs-NavyFront.jpg
Runweight Shorts,Shorts,Clothes,Ultralight,2014-07-29,"Deep Navy, Whitetint Gray",175,FALSE,FALSE,Men,http://shop.outlier.cc/shop/retail/runweight-shorts.html,http://outlier.cc/productentries/products/runshort/200-OUTLIER-RunweightShorts-04.jpg
V-Back Pivot,Shirt,Clothes,Ultralight,2014-07-29,"Deep Navy, Whitetint Gray",188,FALSE,FALSE,Men,http://shop.outlier.cc/shop/retail/v-back-pivot.html,http://outlier.cc/productentries/products/ultralightventedpivot/203-OUTLIER-VBack-WTOpen.jpg
Ultralight Heavy Shirt,Shirt,Clothes,Ultralight,2014-07-29,"Deep Navy, Whitetint Gray",248,FALSE,FALSE,Men,http://shop.outlier.cc/shop/retail/ultralight-heavy-shirt.html,http://outlier.cc/productentries/products/ultralightheavyshirt/202-OUTLIER-UltralightHeavyShirt-WTGrayFront.jpg
Suncloth Pivot,Shirt,Clothes,Cotton/Tencel,2014-07-29,White,248,FALSE,FALSE,Men,http://shop.outlier.cc/shop/retail/suncloth-pivot.html,http://outlier.cc/productentries/products/sunshirt/200-OUTLIER-SunclothPivot-01.jpg
Climbers,Pants,Clothes,OG,2014-07-22,"Desert Tan, Black, Olive Drab, New Slate",198,TRUE,FALSE,Men,http://shop.outlier.cc/shop/retail/the-climbers.html,http://outlier.cc/productentries/products/theclimbers/202o-OUTLIER-TheClimbers-OliveFront.jpg
Cowlhood,Sweater,Clothes,Merino,2014-07-17,"Dark Navy, Orange, Medium Gray",188,FALSE,FALSE,Unisex,http://shop.outlier.cc/shop/retail/cowlhood.html,http://outlier.cc/productentries/products/thecowlhood/201-OUTLIER-Kenny-Navy.jpg
Vented Double Hood,Sweater,Clothes,Merino,2014-07-17,"Dark Navy, Medium Gray",248,FALSE,FALSE,Unisex,http://shop.outlier.cc/shop/retail/vented-double-hood.html,http://outlier.cc/productentries/product/theventeddoublehood/201-OUTLIER-Cartman-NavyFlat.jpg
Crossover Hood,Sweater,Clothes,Merino,2014-07-17,"Dark Navy, Orange, Medium Gray",188,FALSE,FALSE,Unisex,http://shop.outlier.cc/shop/retail/crossover-hood.html,http://outlier.cc/productentries/product/thecrossoverhood/201-OUTLIER-Butters-Gray.jpg
Linenblade Pivot,Shirt,Clothes,Linenblade,2014-07-08,"Blue, Light Blue, Pale Gray",175,FALSE,FALSE,Men,http://shop.outlier.cc/shop/retail/linenblade-pivot.html,http://outlier.cc/productentries/products/linenblade/201-OUTLIER-LinenBlade-LightBlueFront.jpg
60/30 Chinos,Pants,Clothes,“60/30”,2014-07-03,"Blacktint Green, Tan, Copper",225,TRUE,FALSE,Men,http://shop.outlier.cc/shop/retail/chino.html,http://outlier.cc/productentries/products/6030chinos/202-OUTLIER-Flat-MidnightGray.jpg
Slim Dungarees (Long),Pants,Clothes,Workcloth,2014-06-18,"Bluetint Gray, Black",198,TRUE,FALSE,Men,http://shop.outlier.cc/shop/retail/slim-dungarees.html,http://outlier.cc/productentries/products/slimdungarees/208-OUTLIER-SlimDungarees-IndigoFront.jpg
Slim Dungarees,Pants,Clothes,Workcloth,2014-06-18,"Bluetint Gray, Black",198,TRUE,FALSE,Men,http://shop.outlier.cc/shop/retail/slim-dungarees.html,http://outlier.cc/productentries/products/slimdungarees/208-OUTLIER-SlimDungarees-IndigoFront.jpg
Grid Linen Towel S,Towel,Accessory,Linen,2014-06-18,"Olive, Orange, White",30,TRUE,FALSE,Unisex,http://shop.outlier.cc/shop/retail/grid-linen-towel.html,http://outlier.cc/productentries/products/gridlinentowel/107-OUTLIER-GridLinenTowel-GreenRoll.jpg
Grid Linen Towel M,Towel,Accessory,Linen,2014-06-18,"Olive, Orange, White",40,TRUE,FALSE,Unisex,http://shop.outlier.cc/shop/retail/grid-linen-towel.html,http://outlier.cc/productentries/products/gridlinentowel/107-OUTLIER-GridLinenTowel-GreenRoll.jpg
Grid Linen Towel L,Towel,Accessory,Linen,2014-06-18,"Olive, Orange, White",60,TRUE,FALSE,Unisex,http://shop.outlier.cc/shop/retail/grid-linen-towel.html,http://outlier.cc/productentries/products/gridlinentowel/107-OUTLIER-GridLinenTowel-GreenRoll.jpg
Grid Linen Towel XL,Towel,Accessory,Linen,2014-06-18,"Olive, Orange, White",90,TRUE,FALSE,Unisex,http://shop.outlier.cc/shop/retail/grid-linen-towel.html,http://outlier.cc/productentries/products/gridlinentowel/107-OUTLIER-GridLinenTowel-GreenRoll.jpg
Ladies Slimmer Dungarees,Pants,Clothes,Workcloth,2014-06-18,"Indigo Blue, Black, Zinc",198,TRUE,FALSE,Women,http://shop.outlier.cc/shop/retail/lsd.html,http://outlier.cc/products/ladiesslimmerdungarees/212-OUTLIER-LSDs-GraySwoosh.jpg
Doublebag,Bag,Accessory,Nylon,2014-06-17,"Slate Blue, Gray",48,TRUE,FALSE,Unisex,http://shop.outlier.cc/shop/retail/doublebag.html,http://outlier.cc/productentries/products/doublebag/203-OUTLIER-Doublebag-Flat.jpg
60/30 Blazer,Blazer,Clothes,“60/30”,2014-06-17,Midnight Gray,550,TRUE,FALSE,Men,http://shop.outlier.cc/shop/retail/6030blazer.html,http://outlier.cc/productentries/products/6030blazer/201-OUTLIER-6030Blazer-MidnightGray.jpg
Women’s Free Way Shorts,Shorts,Clothes,OG,2014-06-10,"Black, Orange, New Slate",175,FALSE,FALSE,Women,http://shop.outlier.cc/shop/retail/womens-freeway-shorts.html,http://outlier.cc/productentries/product/womensfreewayshorts/204-OUTLIER-Womens-FreeWayShorts-BlackFront.jpg
Free Way Shorts,Shorts,Clothes,OG,2014-06-10,"Black, Olive Drab, Orange, New Slate",175,FALSE,FALSE,Men,http://shop.outlier.cc/shop/retail/free-way-shorts.html,http://outlier.cc/productentries/product/freewayshorts/201-OUTLIER-FreeWayShorts-Black.jpg
New Way Shorts,Shorts,Clothes,F. Cloth,2014-06-05,Black,120,TRUE,FALSE,Men,http://shop.outlier.cc/shop/retail/new-way-shorts.html,http://outlier.cc/productentries/products/newwayshorts/202-OUTLIER-NewWayShorts-OliveOpen.jpg
Blazed Slim Button Down Pivot,Shirt,Clothes,Cotton,2014-06-03,"Pale Blue, White, Bluegray",125,FALSE,FALSE,Men,http://shop.outlier.cc/shop/retail/blazed-slim-button-down.html,http://outlier.cc/productentries/products/blazedslim/204-OUTLIER-BlazedSlim-BlueGray.jpg
Slim Dungarees (Long),Pants,Clothes,Workcloth,2014-05-24,Bluetint Gray,198,TRUE,FALSE,Men,http://shop.outlier.cc/shop/retail/slim-dungarees.html,http://outlier.cc/productentries/products/slimdungarees/208-OUTLIER-SlimDungarees-IndigoFront.jpg
Ultralight Freeshell,Outerwear,Clothes,Ultralight,2014-05-20,"Whitetint Gray, Deep Navy, New Slate",365,FALSE,FALSE,Men,http://shop.outlier.cc/shop/retail/ultralight-freeshell.html,http://outlier.cc/productentries/products/ultralightfreeshell/203-OUTLIER-UltralightFreeShell-WhitetintGray.jpg
Slim Dungarees,Pants,Clothes,Workcloth,2014-05-15,Bluetint Gray,198,TRUE,FALSE,Men,http://shop.outlier.cc/shop/retail/slim-dungarees.html,http://outlier.cc/productentries/products/slimdungarees/208-OUTLIER-SlimDungarees-IndigoFront.jpg
Blazed Button Down Pivot,Shirt,Clothes,Cotton,2014-05-15,"Microcheck Blue, Microcheck Dark, Microcheck Light, Microcheck Purp",125,TRUE,FALSE,Men,http://shop.outlier.cc/shop/retail/blazed-button-down.html,http://outlier.cc/productentries/products/blazedbuttondown/203-OUTLIER-BlazedButtonDown-LandSick.jpg
Ultrafine Merino T-Shirt,T-Shirt,Clothes,Merino,2014-05-14,"Dark Navy, Medium Gray, Orange, Black, Near White",98,TRUE,FALSE,Men,http://shop.outlier.cc/shop/retail/ultrafine-merino-tee.html,http://outlier.cc/productentries/products/merinot/204-OUTLIER-UltrafineT-jpg
Ultrafine Merino V-Neck,T-Shirt,Clothes,Merino,2014-05-14,"Dark Navy, Near White",98,TRUE,FALSE,Men,http://shop.outlier.cc/shop/retail/ultrafine-merino-v-neck.html,http://outlier.cc/productentries/products/ultrafinev/201-OUTLIER-UltrafineV-Blue.jpg
Air-Forged Oxford,Shirt,Clothes,Air Forged,2014-05-06,"Blue, Olive, Graystone, Light Gray, Dark Navy",98,TRUE,FALSE,Men,http://shop.outlier.cc/shop/retail/air-forged-oxford.html,http://outlier.cc/products/airforgedoxford/200-OUTLIER-AirForgedOxford-Gray1.jpg
Runweight Merino T-Shirt,T-Shirt,Clothes,Runweight Merino,2014-05-02,Black,88,FALSE,FALSE,Men,http://shop.outlier.cc/shop/retail/runweight-merino-tshirt.html,http://outlier.cc/productentries/products/runweightmerinotshirt/202-OUTLIER-RunWeightT-Swoosh.jpg
Womens’ Mojave Pivot Shirt,Shirt,Clothes,Linen/Cotton,2014-04-29,"White, Dark Gray, Olive, Dark Blue",128,FALSE,FALSE,Women,http://shop.outlier.cc/shop/retail/womens-mojave-pivot.html,http://outlier.cc/productentries/products/womensmojave/201-OUTLIER-WomensMojave-Gray.jpg
Merino Racerback Tank,Tank Top,Clothes,Merino,2014-04-29,"Copper, Medium Gray",77,FALSE,FALSE,Women,http://shop.outlier.cc/shop/retail/merino-racerback-tank.html,http://outlier.cc/productentries/products/womenstank/201-OUTLIER-WomensTank-OrangeFrontup.jpg
Women’s Air-Forged Oxford,Shirt,Clothes,Air Forged,2014-04-29,"Light Gray, Olive, Dark Navy",98,TRUE,FALSE,Women,http://shop.outlier.cc/shop/retail/womens-air-forged.html,http://outlier.cc/productentries/products/womensairforgedoxford/201-OUTLIER-WomensAirForged-NavyFront.jpg
60/30 Class Cut Blazer,Blazer,Clothes,“60/30”,2014-04-29,Midnight Gray,450,FALSE,FALSE,Women,http://shop.outlier.cc/shop/retail/60-30-class-cut-blazer.html,http://outlier.cc/productentries/products/6030classcutblazer/202-OUTLIER-Womens6030Blazer-HandsOut.jpg
Futureworks,Pants,Clothes,F. Cloth,2014-04-24,"Dark Navy, Gray, Dust Olive",125,TRUE,FALSE,Men,http://shop.outlier.cc/shop/retail/futureworks.html,http://outlier.cc/productentries/products/futureworks/201-OUTLIER-Futureworks-Front.jpg
Ultralight Blazer,Blazer,Clothes,Ultralight,2014-04-16,"Navy, New Slate",550,TRUE,FALSE,Men,http://shop.outlier.cc/shop/retail/blazer.html,http://outlier.cc/productentries/products/ultralightblazer/201-OUTLIER-UltralightBlazer-GrayTurn.jpg
Ultralight Trousers,Pants,Clothes,Ultralight,2014-04-16,"Navy, New Slate",240,TRUE,FALSE,Men,http://shop.outlier.cc/retail/ultralights.html,http://outlier.cc/productentries/products/ultralighttrousers/203-OUTLIER-UltralightTrousers-GrayFront.jpg
Ribbed Merino Tank,Tank Top,Clothes,Merino,2014-04-08,"Deep Blue, Deep Gray, Evergreen",88,FALSE,FALSE,Men,http://shop.outlier.cc/shop/retail/ribbed-merino-tank.html,http://outlier.cc/productentries/products/ribbedmerinotank/201-OUTLIER-RibbedMerinoTank-Gray.jpg
Mojave Pivot Shirt,Shirt,Clothes,Linen/Cotton,2014-04-08,"Dark Blue, Summer Blue, White, Orange, Olive, Dark Gray",128,TRUE,FALSE,Men,http://shop.outlier.cc/retail/mojave-pivot-shirt.html,http://outlier.cc/productentries/products/mojavepr/201-OUTLIER-MojavePivot-Blue.jpg
Slim Dungarees,Pants,Clothes,Workcloth,2014-04-08,"Blacktint Green, Darkindigo, Maroonshadow",198,TRUE,FALSE,Men,http://shop.outlier.cc/shop/retail/slim-dungarees.html,http://outlier.cc/productentries/products/slimdungarees/208-OUTLIER-SlimDungarees-IndigoFront.jpg
Shank Jacket,Outerwear,Clothes,Workcloth,2014-04-01,Black,395,FALSE,FALSE,Men,http://shop.outlier.cc/shop/retail/shank-jacket.html,http://outlier.cc/productentries/products/shankjack/201-OUTLIER-ShankJacket-Front2.jpg
Women’s Daily Riding Pant,Pants,Clothes,OG,2014-03-28,"Black, Deep Indigo, Olive Drab",198,TRUE,FALSE,Women,http://shop.outlier.cc/shop/retail/women-s-daily-riding-pant.html,http://outlier.cc/products/womensdailyrider/200-OUTLIER-WomensDaily-DeepIndigo.jpg
New Way Shorts,Shorts,Clothes,F. Cloth,2014-03-25,"Dark Navy, Gray, Dust Olive, Purp, Cobalt",120,FALSE,FALSE,Men,http://shop.outlier.cc/shop/retail/new-way-shorts.html,http://outlier.cc/productentries/products/newwayshorts/202-OUTLIER-NewWayShorts-OliveOpen.jpg
Merino Co-Pivot,Shirt,Clothes,Merino,2014-03-24,Sky Blue,175,TRUE,FALSE,Men,http://shop.outlier.cc/shop/retail/merino-co-pivot.html,http://outlier.cc/productentries/products/merinocopivot/203-OUTLIER-MerinoCoPivot-BluetintFront.jpg
60/30 Chinos,Pants,Clothes,“60/30”,2014-03-18,"Midnight Gray, Flat Tan, Olive",225,TRUE,FALSE,Men,http://shop.outlier.cc/shop/retail/chino.html,http://outlier.cc/productentries/products/6030chinos/202-OUTLIER-Flat-MidnightGray.jpg
60/30 Blazer,Blazer,Clothes,“60/30”,2014-03-11,"Midnight Gray, Olive",550,FALSE,FALSE,Men,http://shop.outlier.cc/shop/retail/6030blazer.html,http://outlier.cc/productentries/products/6030blazer/201-OUTLIER-6030Blazer-MidnightGray.jpg
60/30 Chinos,Pants,Clothes,“60/30”,2014-03-11,"Midnight Gray, Flat Tan, Olive",225,TRUE,FALSE,Men,http://shop.outlier.cc/shop/retail/chino.html,http://outlier.cc/productentries/products/6030chinos/202-OUTLIER-Flat-MidnightGray.jpg
Grid Linen Towel M,Towel,Accessory,Linen,2014-03-11,"Medium Gray, Graytint Navy",48,TRUE,FALSE,Unisex,http://shop.outlier.cc/shop/retail/grid-linen-towel.html,http://outlier.cc/productentries/products/gridlinentowel/107-OUTLIER-GridLinenTowel-GreenRoll.jpg
Doublebag,Bag,Accessory,Nylon,2014-03-05,Slate Blue,48,TRUE,FALSE,Unisex,http://shop.outlier.cc/shop/retail/doublebag.html,http://outlier.cc/productentries/products/doublebag/203-OUTLIER-Doublebag-Flat.jpg
Merino Co-Pivot,Shirt,Clothes,Merino,2014-03-05,"Tan, Bluetint Gray, Dust Olive",175,TRUE,FALSE,Men,http://shop.outlier.cc/shop/retail/merino-co-pivot.html,http://outlier.cc/productentries/products/merinocopivot/203-OUTLIER-MerinoCoPivot-BluetintFront.jpg
Climbers,Pants,Clothes,OG,2014-03-04,"Charcoal, Deep Indigo, Olive Drab",198,TRUE,FALSE,Men,http://shop.outlier.cc/shop/retail/the-climbers.html,http://outlier.cc/productentries/products/theclimbers/202o-OUTLIER-TheClimbers-OliveFront.jpg
Slim Dungarees,Pants,Clothes,Workcloth,2014-02-26,"Blacktint Green, Darkindigo, Maroonshadow",198,TRUE,FALSE,Men,http://shop.outlier.cc/shop/retail/slim-dungarees.html,http://outlier.cc/productentries/products/slimdungarees/208-OUTLIER-SlimDungarees-IndigoFront.jpg
Futureworks,Pants,Clothes,F. Cloth,2014-02-04,Flat Black,125,FALSE,FALSE,Men,http://shop.outlier.cc/shop/retail/futureworks.html,http://outlier.cc/productentries/products/futureworks/201-OUTLIER-Futureworks-Front.jpg
OG FreeShell,Outerwear,Clothes,OG,2014-01-21,"Flat Black, New Slate, Navy",365,FALSE,FALSE,Men,http://shop.outlier.cc/shop/retail/ogfreeshell.html,http://outlier.cc/productentries/products/ogfreeshell/201-OUTLIER-OGFreeShell-FlatBlack.jpg
Ultramerinosuede Pullover,Sweater,Clothes,Merino,2014-01-14,"Black/Black, Deep Blue/Lt. Gray, Medium Gray/Blue",248,FALSE,FALSE,Men,http://shop.outlier.cc/shop/retail/ultramerinosuede-pullover.html,http://outlier.cc/productentries/products/umspullover/202-OUTLIER-UMSPullover-BlueFront.jpg
Ultramerinosuede Bandana,Bandana,Accessory,Merino,2014-01-14,"Black, Deep Blue, Deep Gray, Evergreen, Medium Gray",75,FALSE,FALSE,Unisex,http://shop.outlier.cc/shop/retail/ultramerinosuede-bandana.html,http://outlier.cc/productentries/products/umsbandana/201-OUTLIER-UMSBandana-JesseJames.jpg
Ultramerinosuede Pocket Tee,T-Shirt,Clothes,Merino,2014-01-14,"Bravest Blue/Lt. Gray, Deep Gray/Lt. Gray, Pop Blue/Blue, Black/Black",120,FALSE,FALSE,Men,http://shop.outlier.cc/shop/retail/ultramerinosuede-pocket-tee.html,http://outlier.cc/productentries/products/umspocket/201-OUTLIER-UMSPocketT-GrayFront.jpg
Ultramerinosuede Clean Tee,T-Shirt,Clothes,Merino,2014-01-14,"Deep Gray/Black, Dust Olive/Black, Pop Blue/Black, Pop Green/Black, Black/Black",120,FALSE,FALSE,Men,http://shop.outlier.cc/shop/retail/ultramerinosuede-clean-tee.html,http://outlier.cc/productentries/products/umsclean/201-OUTLIER-UMSGlassCleaner-DustOlive.jpg
Ultramerinosuede Shorts,Shorts,Clothes,Merino,2014-01-14,"Black/Black, Deep Gray/Black",225,FALSE,FALSE,Men,http://shop.outlier.cc/shop/retail/ultramerinosuede-shorts.html,http://outlier.cc/productentries/products/umsshorts/201-OUTLIER-UMSShorts-GrayFront.jpg
Ultramerinosuede Baselayer,T-Shirt,Clothes,Merino,2014-01-14,"Black/Black, Deep Blue/Black",,FALSE,FALSE,Men,http://shop.outlier.cc/shop/retail/ultramerinosuede-baselayer.html,http://outlier.cc/productentries/products/umsbaselayer/201-OUTLIER-UMSBaselayer-Black.jpg
Doublefine Merino Hoodie,Hoodie,Clothes,Merino,2014-01-14,"Black/Blue, Deep Blue, Deep Gray, Evergreen, Medium Gray",275,TRUE,FALSE,Men,http://shop.outlier.cc/retail/doublefinehoodie.html,http://outlier.cc/productentries/products/doublefinehoodie/203d-OUTLIER-DoublefineMerinoHoodie-DeepGray.jpg
Climbers,Pants,Clothes,OG,2014-01-14,"Charcoal, Deep Indigo, Olive Drab",198,TRUE,FALSE,Men,http://shop.outlier.cc/shop/retail/the-climbers.html,http://outlier.cc/productentries/products/theclimbers/202o-OUTLIER-TheClimbers-OliveFront.jpg
60/30 Chinos,Pants,Clothes,“60/30”,2014-01-14,"Flat Tan, Olive",225,TRUE,FALSE,Men,http://shop.outlier.cc/shop/retail/chino.html,http://outlier.cc/productentries/products/6030chinos/202-OUTLIER-Flat-MidnightGray.jpg
Women’s Daily Riding Pant,Pants,Clothes,OG,2014-01-14,"Flat Black, Charcoal, Navy, Red, Blue, Brick",198,TRUE,FALSE,Women,http://shop.outlier.cc/shop/retail/women-s-daily-riding-pant.html,http://outlier.cc/products/womensdailyrider/200-OUTLIER-WomensDaily-DeepIndigo.jpg
Blazed Button Down Pivot,Shirt,Clothes,Cotton,2014-01-08,"Microcheck Blue, Microcheck Dark, Microcheck Light, Microcheck Purp",125,FALSE,FALSE,Men,http://shop.outlier.cc/shop/retail/blazed-button-down.html,http://outlier.cc/productentries/products/blazedbuttondown/203-OUTLIER-BlazedButtonDown-LandSick.jpg
Blazed Tack Pivot,Shirt,Clothes,Cotton,2013-12-16,"Light Blue, White, Pale Blue, Point Gray, Uptown Blue",148,FALSE,FALSE,Men,http://shop.outlier.cc/shop/retail/blazed-tack-pivot.html,http://outlier.cc/productentries/products/blazedtack/201-OUTLIER-BlazedTackPivot-UptownFront.jpg
S120 Twill Tack Pivot,Shirt,Clothes,Merino,2013-12-16,Navy Gray,225,FALSE,FALSE,Men,http://shop.outlier.cc/shop/retail/twill-tack-pivot.html,http://outlier.cc/productentries/products/s120twilltack/201-OUTLIER-S120TackCollar-Front2.jpg
4x4 Merino Scarf,Scarf,Accessory,Merino,2013-12-10,"Black, Evergreen, Medium Gray",98,FALSE,FALSE,Unisex,http://shop.outlier.cc/shop/retail/4x4-merino-scarf.html,http://outlier.cc/productentries/products/4x4scarves/201-OUTLIER-4x4-Napkins.jpg
New OGs,Pants,Clothes,OG,2013-12-10,"Navy, Charcoal",240,TRUE,FALSE,Men,http://shop.outlier.cc/shop/retail/new-og.html,http://outlier.cc/products/newogs/202-OUTLIER-NewOGs-NavyFront.jpg
Slim Dungarees,Pants,Clothes,Workcloth,2013-12-10,"Black, Indigo, Bluetint Gray",198,TRUE,FALSE,Men,http://shop.outlier.cc/shop/retail/slim-dungarees.html,http://outlier.cc/productentries/products/slimdungarees/208-OUTLIER-SlimDungarees-IndigoFront.jpg
Grid Linen Towel S,Towel,Accessory,Linen,2013-12-03,"Medium Gray, Blacktint Green, Graytint Navy, Pop Blue, Pop Green",28,TRUE,FALSE,Unisex,http://shop.outlier.cc/shop/retail/grid-linen-towel.html,http://outlier.cc/productentries/products/gridlinentowel/107-OUTLIER-GridLinenTowel-GreenRoll.jpg
Grid Linen Towel M,Towel,Accessory,Linen,2013-12-03,"Medium Gray, Blacktint Green, Graytint Navy, Pop Blue, Pop Green",48,TRUE,FALSE,Unisex,http://shop.outlier.cc/shop/retail/grid-linen-towel.html,http://outlier.cc/productentries/products/gridlinentowel/107-OUTLIER-GridLinenTowel-GreenRoll.jpg
Grid Linen Towel L,Towel,Accessory,Linen,2013-12-03,"Medium Gray, Blacktint Green, Graytint Navy, Pop Blue, Pop Green",75,TRUE,FALSE,Unisex,http://shop.outlier.cc/shop/retail/grid-linen-towel.html,http://outlier.cc/productentries/products/gridlinentowel/107-OUTLIER-GridLinenTowel-GreenRoll.jpg
Grid Linen Towel XL,Towel,Accessory,Linen,2013-12-03,"Medium Gray, Blacktint Green, Graytint Navy, Pop Blue, Pop Green",120,TRUE,FALSE,Unisex,http://shop.outlier.cc/shop/retail/grid-linen-towel.html,http://outlier.cc/productentries/products/gridlinentowel/107-OUTLIER-GridLinenTowel-GreenRoll.jpg
Grid Linen Bathrobe,Bathrobe,Accessory,Linen,2013-12-03,"Graytint Navy, Pop Blue, Medium Gray",188,FALSE,FALSE,Unisex,http://shop.outlier.cc/shop/retail/grid-linen-bathrobe.html,http://outlier.cc/productentries/products/gridlinenbathrobe/201-OUTLIER-GridLinenRobe-Ghost.jpg
Women’s Air Forged Soft Core Vest,Vest,Clothes,Soft Core,2013-11-25,"Light Gray, Bluetint Gray",240,FALSE,FALSE,Women,http://shop.outlier.cc/shop/retail/womens-vest.html,http://outlier.cc/productentries/products/womenssoftcorevest/201-OUTLIER-WomensSoftCoreVest-DG.jpg
Women’s Doublefine Cardigan,Sweater,Clothes,Merino,2013-11-25,"Black, Medium Gray, Deep Gray",240,FALSE,FALSE,Women,http://shop.outlier.cc/shop/retail/womens-doublefine-cardigan.html,http://outlier.cc/productentries/products/womenscardigan/202-OUTLIER-WomensCardigan-Medium2.jpg
Women’s 60/30 Chinos,Pants,Clothes,“60/30”,2013-11-25,"Blacktint Green, Dust Olive, Midnight Navy",225,TRUE,FALSE,Women,http://shop.outlier.cc/shop/retail/womens-chino.html,http://outlier.cc/productentries/products/womens6030/201-OUTLIER-Womens6030-OliveSwipe.jpg
Ultrafine Merino T-Shirt,T-Shirt,Clothes,Merino,2013-11-19,"Black, Dust Olive, Pop Blue, Pop Green, Bravest Blue, Deep Green, Medium Gray",98,TRUE,FALSE,Men,http://shop.outlier.cc/shop/retail/ultrafine-merino-tee.html,http://outlier.cc/productentries/products/merinot/204-OUTLIER-UltrafineT-jpg
Ultrafine Merino V-Neck,T-Shirt,Clothes,Merino,2013-11-19,"Black, Dust Olive, Pop Blue, Pop Green, Bravest Blue, Deep Green, Deep Gray",98,TRUE,FALSE,Men,http://shop.outlier.cc/shop/retail/ultrafine-merino-v-neck.html,http://outlier.cc/productentries/products/ultrafinev/201-OUTLIER-UltrafineV-Blue.jpg
Doublebag,Bag,Accessory,Nylon,2013-11-12,Gray,48,FALSE,FALSE,Unisex,http://shop.outlier.cc/shop/retail/doublebag.html,http://outlier.cc/productentries/products/doublebag/203-OUTLIER-Doublebag-Flat.jpg
Merino Co-Pivot,Shirt,Clothes,Merino,2013-11-12,"Bluetint Gray, Red, Sky Blue, Strong Blue",175,TRUE,FALSE,Men,http://shop.outlier.cc/shop/retail/merino-co-pivot.html,http://outlier.cc/productentries/products/merinocopivot/203-OUTLIER-MerinoCoPivot-BluetintFront.jpg
Air-Forged Soft Core Vest,Vest,Clothes,Soft Core,2013-11-07,Light Gray,240,FALSE,FALSE,Men,http://shop.outlier.cc/shop/retail/air-forged-soft-core-vest.html,http://outlier.cc/productentries/products/airforgedsoftcorevest/201-OUTLIER-AirForgedVest-1.jpg
Doublefine Merino Cardigan,Sweater,Clothes,Merino,2013-11-07,"Deep Blue, Deep Gray, Evergreen, Medium Gray, Black",240,TRUE,FALSE,Men,http://shop.outlier.cc/shop/retail/doublefine-cardigan.html,http://outlier.cc/productentries/products/doublefinecardigan/205-OUTLIER-DoublefineCardigan-BlackFront.jpg
Women’s 60/30 Chinos,Pants,Clothes,“60/30”,2013-11-07,"Blacktint Green, Dust Olive, Midnight Navy",225,TRUE,FALSE,Women,http://shop.outlier.cc/shop/retail/womens-chino.html,http://outlier.cc/productentries/products/womens6030/201-OUTLIER-Womens6030-OliveSwipe.jpg
Nyco FreeShell,Outerwear,Clothes,OG,2013-10-22,"Navy/New Slate, Olive/Charcoal",365,FALSE,FALSE,Men,http://shop.outlier.cc/shop/retail/nyco-freeshell.html,http://outlier.cc/productentries/products/nycofreeshell/203-OUTLIER-NycoFreeshell-HeyGuys.jpg
Megafine Merino Socks,Socks,Clothes,Merino,2013-10-22,Black,21,TRUE,FALSE,Unisex,http://shop.outlier.cc/retail/megafinesock.html,http://milled.com/messages/2012-12-04/xj58FQXqh9XA1njg/4be92860b308c77f4ead494870a5ee8372d83bff.jpg
Minimal Backpack,Backpack,Accessory,Dyneema,2013-10-15,Black,168,TRUE,FALSE,Unisex,http://shop.outlier.cc/shop/retail/minimalbackpack.html,http://milled.com/messages/2013-10-15/ZUoZ26Pf4b0kcOcu/25f736d8a2608f1cd96306d356abcbeafea6de64.jpg
Doublefine Merino Hoodie,Hoodie,Clothes,Merino,2013-10-09,"Black/Blue, Deep Blue, Deep Gray, Evergreen, Medium Gray",275,FALSE,FALSE,Men,http://shop.outlier.cc/retail/doublefinehoodie.html,http://outlier.cc/productentries/products/doublefinehoodie/203d-OUTLIER-DoublefineMerinoHoodie-DeepGray.jpg
Merino Ribbed Henley,Henley,Clothes,Merino,2013-10-09,"Deep Blue, Deep Gray, Evergreen, Medium Gray",148,TRUE,FALSE,Men,http://shop.outlier.cc/shop/retail/merino-ribbed-henley.html,http://outlier.cc/productentries/products/merinoribbedhenley/201-OUTLIER-MerinoRibbedHenley-Black.jpg
Doublefine Merino Sweatpants,Sweatpants,Clothes,Merino,2013-10-09,"Evergreen, Mid Gray",250,FALSE,FALSE,Men,http://shop.outlier.cc/shop/retail/merino-sweatpants.html,http://outlier.cc/productentries/products/merinosweatpants/201-OUTLIER-DoublefineMerinoSweatpants-BlueSwoosh2.jpg
Slim Dungarees,Pants,Clothes,Workcloth,2013-10-09,"Copper, Bluetint Gray",198,TRUE,FALSE,Men,http://shop.outlier.cc/shop/retail/slim-dungarees.html,http://outlier.cc/productentries/products/slimdungarees/208-OUTLIER-SlimDungarees-IndigoFront.jpg
Soft Core Bomber,Outerwear,Clothes,Soft Core,2013-10-02,"New Slate, Flat Black",598,FALSE,FALSE,Men,http://shop.outlier.cc/shop/retail/soft-core-bomber.html,http://outlier.cc/productentries/products/softcorebomber/201-OUTLIER-SoftCoreBomber-GrayOpen.jpg
Climbers,Pants,Clothes,OG,2013-10-02,"Flat Black, New Slate",198,TRUE,FALSE,Men,http://shop.outlier.cc/shop/retail/the-climbers.html,http://outlier.cc/productentries/products/theclimbers/202o-OUTLIER-TheClimbers-OliveFront.jpg
Merino Co-Pivot,Shirt,Clothes,Merino,2013-09-24,"Bluetint Gray, Red, Sky Blue, Strong Blue",175,FALSE,FALSE,Men,http://shop.outlier.cc/shop/retail/merino-co-pivot.html,http://outlier.cc/productentries/products/merinocopivot/203-OUTLIER-MerinoCoPivot-BluetintFront.jpg
Ripstop Merino Heavy Shirt,Shirt,Clothes,Merino,2013-09-12,,275,FALSE,FALSE,Men,http://shop.outlier.cc/shop/retail/ripstop-merino-heavy-shirt.html,http://images.freshnessmag.com/wp-content/uploads/2013/09/outlier-ripstop-merino-heavy-shirt-06-570x456.jpg
Air-Forged Oxford,Shirt,Clothes,Air Forged,2013-09-04,"White, Red, Light Blue, Light Gray, Bluetint Gray, Rich Blue",98,TRUE,FALSE,Men,http://shop.outlier.cc/shop/retail/air-forged-oxford.html,http://outlier.cc/products/airforgedoxford/200-OUTLIER-AirForgedOxford-Gray1.jpg
Women’s Air-Forged Oxford,Shirt,Clothes,Air Forged,2013-09-04,"White, Bluetint Gray, Rich Blue",98,FALSE,FALSE,Women,http://shop.outlier.cc/shop/retail/womens-air-forged.html,http://outlier.cc/products/womensairforged/202-OUTLIER-WomensAirForgedOxford-GrayFront.jpg
Blazed Dress Pivot,Shirt,Clothes,Cotton,2013-08-13,"Light Blue, Pale Blue, Point Gray",148,FALSE,FALSE,Men,http://shop.outlier.cc/shop/retail/blazed-dress-pivot.html,http://outlier.cc/products/blazeddress/201-OUTLIER-BlazedDressPivot-PointGrayFront.jpg
New OGs,Pants,Clothes,OG,2013-08-13,"Navy, Charcoal",240,TRUE,FALSE,Men,http://shop.outlier.cc/shop/retail/new-og.html,http://outlier.cc/products/newogs/202-OUTLIER-NewOGs-NavyFront.jpg
60/30 Chinos,Pants,Clothes,“60/30”,2013-08-13,"Navy Gray, Mustard Seed",225,TRUE,FALSE,Men,http://shop.outlier.cc/shop/retail/chino.html,http://outlier.cc/productentries/products/6030chinos/202-OUTLIER-Flat-MidnightGray.jpg
OG Blazer,Blazer,Clothes,OG,2013-08-13,"Navy, Flat Black, Charcol",550,TRUE,FALSE,Men,http://shop.outlier.cc/shop/retail/ogblazer.html,http://outlier.cc/products/ogblazer/203-OUTLIER-OGBlazer-NavyFrontLeft.jpg
Supermarine Bedford,Shoes,Clothes,Supermarine,2013-07-24,Gray,90,FALSE,FALSE,Men,http://shop.outlier.cc/shop/retail/supermarine-bedford.html,http://shop.outlier.cc/shop/media/catalog/product/cache/2/image/880x/17f82f742ffe127f42dca9de82fb58b1/1/0/101-outlier-vans-chillin_2.jpg
Megafine Thin Sock,Socks,Clothes,Merino,2013-07-24,Black,22,FALSE,FALSE,Unisex,http://shop.outlier.cc/shop/retail/thin-socks.html,http://outlier.cc/productentries/products/megafinethinsocks/200-OUTLIER-ThinSocks-Spinning.jpg
UV Poncho,Poncho,Clothes,Ultralight,2013-07-16,"Blue, Gray, Red",365,FALSE,FALSE,Unisex,http://shop.outlier.cc/retail/uv-poncho.html,http://shop.outlier.cc/shop/media/catalog/product/cache/2/image/880x/17f82f742ffe127f42dca9de82fb58b1/1/0/101-outlier-ultralightbeach-poncho.jpg
Baggy Beach Pants,Pants,Clothes,Ultralight,2013-07-16,"Blue, Gray, Red",,FALSE,FALSE,Men,http://shop.outlier.cc/retail/baggy-beach-pants.html,http://shop.outlier.cc/shop/media/catalog/product/cache/2/image/880x/17f82f742ffe127f42dca9de82fb58b1/1/0/101-outlier-baggybeachpants-mass9pack.jpg
Beach 36 Pivot Shirt,Shirt,Clothes,Linen,2013-07-16,"Big Check, Small Check, Static Blue",168,FALSE,FALSE,Men,http://shop.outlier.cc/retail/beach36.html,http://shop.outlier.cc/shop/media/catalog/product/cache/2/image/880x/17f82f742ffe127f42dca9de82fb58b1/1/0/102-outlier-linenshirts-masslook3.jpg
Hypercity International Backpack,Backpack,Accessory,Dyneema,2013-07-11,Black,350,FALSE,FALSE,Unisex,http://shop.outlier.cc/shop/retail/hypercity.html,http://shop.outlier.cc/shop/media/catalog/product/cache/2/image/880x/17f82f742ffe127f42dca9de82fb58b1/1/0/101-outlier-hmg-internationalbackpack-lars.jpg
Slim Dungarees,Pants,Clothes,Workcloth,2013-07-11,"Indigo Blue, Black, Zinc",198,TRUE,FALSE,Men,http://shop.outlier.cc/shop/retail/slim-dungarees.html,http://outlier.cc/productentries/products/slimdungarees/208-OUTLIER-SlimDungarees-IndigoFront.jpg
Three Way Longs,Shorts,Clothes,OG,2013-07-11,"Charcoal, Red, Blue",145,TRUE,FALSE,Men,http://shop.outlier.cc/shop/retail/threewaylong.html,http://shop.outlier.cc/shop/media/catalog/product/cache/2/image/880x/17f82f742ffe127f42dca9de82fb58b1/t/h/theewaylongs.jpg
Ultrafine Tie-Dye,T-Shirt,Clothes,Merino,2013-06-25,Vertical/Diagonal,148,FALSE,FALSE,Men,http://shop.outlier.cc/shop/retail/tie-dyes.html,http://shop.outlier.cc/shop/media/catalog/product/cache/2/image/880x/17f82f742ffe127f42dca9de82fb58b1/e/0/e01-outlier-ultrafinetiedye-beachcoolguy.jpg
Three Way Shorts,Shorts,Clothes,OG,2013-06-25,"Charcoal, Red, Blue",148,TRUE,FALSE,Men,http://shop.outlier.cc/shop/retail/summer-shorts.html,http://shop.outlier.cc/shop/media/catalog/product/cache/2/image/880x/17f82f742ffe127f42dca9de82fb58b1/1/0/101-outlier-threewayshorts-shortsfront.jpg
Upgrade Insoles Flat,Insoles,Clothes,Leather,2013-06-18,,38,FALSE,FALSE,Men,http://shop.outlier.cc/shop/retail/upgrade.html,http://shop.outlier.cc/shop/media/catalog/product/cache/2/image/880x/17f82f742ffe127f42dca9de82fb58b1/2/0/203-outlier-buffaloinsoles-wotop.jpg
Upgrade Insoles 8mm,Insoles,Clothes,Leather,2013-06-18,,48,FALSE,FALSE,Men,http://shop.outlier.cc/shop/retail/upgrade.html,http://shop.outlier.cc/shop/media/catalog/product/cache/2/image/880x/17f82f742ffe127f42dca9de82fb58b1/2/0/203-outlier-buffaloinsoles-wotop.jpg
Ultralight Shorts,Shorts,Clothes,Ultralight,2013-06-18,"Red, Blue, Gray",144,TRUE,FALSE,Men,http://shop.outlier.cc/shop/retail/ultralightshorts.html,http://shop.outlier.cc/shop/media/catalog/product/cache/2/image/880x/17f82f742ffe127f42dca9de82fb58b1/1/0/101-outlier-ultralightshorts-coollook.jpg
Grid Linen Towel S,Towel,Accessory,Linen,2013-06-04,"Gray, White, Red",28,FALSE,FALSE,Unisex,http://shop.outlier.cc/shop/retail/grid-linen-towel.html,http://outlier.cc/productentries/products/gridlinentowel/107-OUTLIER-GridLinenTowel-GreenRoll.jpg
Grid Linen Towel M,Towel,Accessory,Linen,2013-06-04,"Gray, White, Red",48,FALSE,FALSE,Unisex,http://shop.outlier.cc/shop/retail/grid-linen-towel.html,http://outlier.cc/productentries/products/gridlinentowel/107-OUTLIER-GridLinenTowel-GreenRoll.jpg
Grid Linen Towel L,Towel,Accessory,Linen,2013-06-04,"Gray, White, Red",75,FALSE,FALSE,Unisex,http://shop.outlier.cc/shop/retail/grid-linen-towel.html,http://outlier.cc/productentries/products/gridlinentowel/107-OUTLIER-GridLinenTowel-GreenRoll.jpg
Grid Linen Towel XL,Towel,Accessory,Linen,2013-06-04,"Gray, White, Red",120,FALSE,FALSE,Unisex,http://shop.outlier.cc/shop/retail/grid-linen-towel.html,http://outlier.cc/productentries/products/gridlinentowel/107-OUTLIER-GridLinenTowel-GreenRoll.jpg
Ultrafine Merino T-Shirt,T-Shirt,Clothes,Merino,2013-06-04,,98,TRUE,FALSE,Men,http://shop.outlier.cc/shop/retail/ultrafine-merino-tee.html,http://outlier.cc/productentries/products/merinot/204-OUTLIER-UltrafineT-jpg
Ultrafine Merino V-Neck,T-Shirt,Clothes,Merino,2013-06-04,,98,TRUE,FALSE,Men,http://shop.outlier.cc/shop/retail/ultrafine-merino-v-neck.html,http://outlier.cc/productentries/products/ultrafinev/201-OUTLIER-UltrafineV-Blue.jpg
Ultralight Trousers,Pants,Clothes,Ultralight,2013-06-04,"Blue, Gray",240,TRUE,FALSE,Men,http://shop.outlier.cc/retail/ultralights.html,http://outlier.cc/productentries/products/ultralighttrousers/203-OUTLIER-UltralightTrousers-GrayFront.jpg
Experimental Tack Color Shirt,Shirt,Clothes,Cotton,2013-05-22,"Gray, Light Blue",168,FALSE,FALSE,Men,http://shop.outlier.cc/shop/retail/tack-collar-shirt.html,http://shop.outlier.cc/shop/media/catalog/product/cache/2/image/880x/17f82f742ffe127f42dca9de82fb58b1/2/0/208-outlier-tackcollarshirt-frontbone.jpg
Women’s 60/30 Chinos,Pants,Clothes,“60/30”,2013-05-15,"Blacktint Green, Dust Olive, Midnight Navy",225,FALSE,FALSE,Women,http://shop.outlier.cc/shop/retail/womens-chino.html,http://outlier.cc/productentries/products/womens6030/201-OUTLIER-Womens6030-OliveSwipe.jpg
Women’s Doubleweave Shorts,Shorts,Clothes,OG,2013-05-15,"Black, Brick, Olive Drab",135,FALSE,FALSE,Women,http://shop.outlier.cc/shop/retail/doubleweaveshorts.html,http://shop.outlier.cc/shop/media/catalog/product/cache/2/image/880x/17f82f742ffe127f42dca9de82fb58b1/1/0/101-outlier-womensshorts-gwbabe.jpg
Women’s Ultrafine Merino Tank Top,Tank Top,Clothes,Merino,2013-05-15,,,FALSE,FALSE,Women,http://shop.outlier.cc/shop/retail/womens-tank.html,http://shop.outlier.cc/shop/media/catalog/product/cache/2/image/880x/17f82f742ffe127f42dca9de82fb58b1/1/0/101-outlier-ultrafinetank-pylons.jpg
Women’s Cali Pivot Shirt,Shirt,Clothes,Cotton,2013-05-15,,98,FALSE,FALSE,Women,http://shop.outlier.cc/shop/retail/womens-cali.html,http://shop.outlier.cc/shop/media/catalog/product/cache/2/image/880x/17f82f742ffe127f42dca9de82fb58b1/1/0/101-outlier-womensshirt-redhaze.jpg
Women’s Daily Riding Pant,Pants,Clothes,OG,2013-05-15,"Brick, Olive Drab",198,TRUE,FALSE,Women,http://shop.outlier.cc/shop/retail/women-s-daily-riding-pant.html,http://outlier.cc/products/womensdailyrider/200-OUTLIER-WomensDaily-DeepIndigo.jpg
60/30 FSC Blazer,Blazer,Clothes,“60/30”,2013-05-09,"Metakhaki, Midnight Gray",980,FALSE,FALSE,Men,http://shop.outlier.cc/shop/retail/freemansblazer.html,http://shop.outlier.cc/shop/media/catalog/product/cache/2/image/880x/17f82f742ffe127f42dca9de82fb58b1/1/0/101-outlier-fscblazer-larsjupitermoons.jpg
No Pocket Pivot,Shirt,Clothes,Cotton,2013-05-02,"Uptown Blue, White",144,FALSE,FALSE,Men,http://shop.outlier.cc/shop/retail/nopocket.html,http://shop.outlier.cc/shop/media/catalog/product/cache/2/image/880x/17f82f742ffe127f42dca9de82fb58b1/1/0/101-outlier-uptownflatopen.jpg
Superfine Merino Baselayer,T-Shirt,Clothes,Merino,2013-05-02,,98,TRUE,FALSE,Men,,http://milled.com/messages/2013-01-15/YCRDc_uJRIwnirLE/1d50bad5b89541c2f238913b2eb13ac495e15687.jpg
Three Way Longs,Shorts,Clothes,OG,2013-05-02,,145,TRUE,FALSE,Men,http://shop.outlier.cc/shop/retail/threewaylong.html,http://shop.outlier.cc/shop/media/catalog/product/cache/2/image/880x/17f82f742ffe127f42dca9de82fb58b1/t/h/theewaylongs.jpg
60/30 Chinos,Pants,Clothes,“60/30”,2013-05-02,,225,TRUE,FALSE,Men,http://shop.outlier.cc/shop/retail/chino.html,http://outlier.cc/productentries/products/6030chinos/202-OUTLIER-Flat-MidnightGray.jpg
Ultralight Blazer,Blazer,Clothes,Ultralight,2013-04-16,,550,TRUE,FALSE,Men,http://shop.outlier.cc/shop/retail/blazer.html,http://outlier.cc/productentries/products/ultralightblazer/201-OUTLIER-UltralightBlazer-GrayTurn.jpg
Three-Way Shorts,Shorts,Clothes,OG,2013-04-16,"Black, Purple, Navy, Green",148,TRUE,FALSE,Men,http://shop.outlier.cc/shop/retail/summer-shorts.html,http://shop.outlier.cc/shop/media/catalog/product/cache/2/image/880x/17f82f742ffe127f42dca9de82fb58b1/1/0/101-outlier-threewayshorts-shortsfront.jpg
Cali Short Sleeve Pivot Shirt,Shirt,Clothes,Cotton,2013-04-02,,98,TRUE,FALSE,Men,http://shop.outlier.cc/shop/retail/cali-short-sleeve-pivot-shirt.html,http://shop.outlier.cc/shop/media/catalog/product/cache/2/image/880x/17f82f742ffe127f42dca9de82fb58b1/1/0/101-outlier-caliss-unbuckle-880.jpg
New OGs,Pants,Clothes,OG,2013-04-02,"Black, Concrete",240,TRUE,FALSE,Men,http://shop.outlier.cc/shop/retail/new-og.html,http://outlier.cc/products/newogs/202-OUTLIER-NewOGs-NavyFront.jpg
Supermarine Heavy Shirt,Shirt,Clothes,Supermarine,2013-03-27,,265,FALSE,FALSE,Men,http://shop.outlier.cc/shop/retail/supermarine-heavy-shirt.html,http://shop.outlier.cc/shop/media/catalog/product/cache/2/image/880x/17f82f742ffe127f42dca9de82fb58b1/1/0/101_outlier_heavylede.jpg
Digital Linen Bandana,Bandana,Accessory,Linen,2013-03-27,,47,FALSE,FALSE,Unisex,http://shop.outlier.cc/shop/retail/bandana.html,http://shop.outlier.cc/shop/media/catalog/product/cache/2/image/880x/17f82f742ffe127f42dca9de82fb58b1/2/1/211-outlier-bandana-blackflat.jpg
Ultralight Trousers,Pants,Clothes,Ultralight,2013-03-27,,240,TRUE,FALSE,Men,http://shop.outlier.cc/retail/ultralights.html,http://outlier.cc/productentries/products/ultralighttrousers/203-OUTLIER-UltralightTrousers-GrayFront.jpg
Supermarine Shell,Outerwear,Clothes,Supermarine,2013-03-14,"Anthracite, Red, Cobalt Blue",575,FALSE,FALSE,Men,http://shop.outlier.cc/retail/supermarine-shell.html,http://shop.outlier.cc/shop/media/catalog/product/cache/2/image/880x/17f82f742ffe127f42dca9de82fb58b1/1/0/101_outlier_supermarineshell_runin.jpg
Mojave Pivot Shirt,Shirt,Clothes,Linen/Cotton,2013-03-05,"Gray, Light Red, Green",128,FALSE,FALSE,Men,http://shop.outlier.cc/retail/mojave-pivot-shirt.html,http://outlier.cc/productentries/products/mojavepr/201-OUTLIER-MojavePivot-Blue.jpg
Blazed Cotton Pivot Shirt,Shirt,Clothes,Cotton,2013-03-05,,144,TRUE,FALSE,Men,http://shop.outlier.cc/shop/retail/blazed2.html,http://shop.outlier.cc/shop/media/catalog/product/cache/2/image/880x/17f82f742ffe127f42dca9de82fb58b1/1/0/101-outlier-ledeblazed.jpg
Slim Dungarees,Pants,Clothes,Workcloth,2013-01-29,"Black, Indigo",198,TRUE,FALSE,Men,http://shop.outlier.cc/shop/retail/slim-dungarees.html,http://outlier.cc/productentries/products/slimdungarees/208-OUTLIER-SlimDungarees-IndigoFront.jpg
New OGs,Pants,Clothes,OG,2013-01-29,"Slate Gray, Concrete",198,TRUE,FALSE,Men,http://shop.outlier.cc/shop/retail/new-og.html,http://outlier.cc/products/newogs/202-OUTLIER-NewOGs-NavyFront.jpg
North River Overshirt,Shirt,Clothes,Cotton,2013-01-29,"Blue, Red",240,FALSE,FALSE,Men,http://shop.outlier.cc/retail/northriver.html,http://shop.outlier.cc/shop/media/catalog/product/cache/2/image/880x/17f82f742ffe127f42dca9de82fb58b1/1/0/101_outlier_northriverovershirt_1.jpg
Air-Forged Oxford,Shirt,Clothes,Cotton,2013-01-15,,98,FALSE,FALSE,Men,http://shop.outlier.cc/shop/retail/air-forged-oxford.html,http://outlier.cc/products/airforgedoxford/200-OUTLIER-AirForgedOxford-Gray1.jpg
Two-Ply Blazed Button Down,Shirt,Clothes,Cotton,2013-01-15,White,188,TRUE,FALSE,Men,http://shop.outlier.cc/shop/retail/two-ply-blazed.html,http://outlier.cc/productentries/products/blazed2ply/201-OUTLIER-Blazed2Ply-Front.jpg
Freeflannel Overshirt,Shirt,Clothes,Cotton,2013-01-15,"Light Blue, Light Gray",168,FALSE,FALSE,Men,http://shop.outlier.cc/shop/retail/freeflannel.html,http://shop.outlier.cc/shop/media/catalog/product/cache/2/image/880x/17f82f742ffe127f42dca9de82fb58b1/2/0/201_outlier_freeflannel.jpg
Climbers,Pants,Clothes,OG,2013-01-15,Olive Drab,198,TRUE,FALSE,Men,http://shop.outlier.cc/shop/retail/the-climbers.html,http://outlier.cc/productentries/products/theclimbers/202o-OUTLIER-TheClimbers-OliveFront.jpg
Superfine Merino Baselayer,T-Shirt,Clothes,Merino,2013-01-15,"Pale Gray, Blue Gray",98,TRUE,FALSE,Men,,http://milled.com/messages/2013-01-15/YCRDc_uJRIwnirLE/1d50bad5b89541c2f238913b2eb13ac495e15687.jpg
Three-Way Shorts,Shorts,Clothes,OG,2013-01-15,"Black, Slate Gray",148,TRUE,FALSE,Men,http://shop.outlier.cc/shop/retail/summer-shorts.html,http://shop.outlier.cc/shop/media/catalog/product/cache/2/image/880x/17f82f742ffe127f42dca9de82fb58b1/1/0/101-outlier-threewayshorts-shortsfront.jpg
Supermoon Soft Core Vest,Vest,Clothes,Soft Core,2013-01-08,Gray,345,FALSE,FALSE,Men,http://shop.outlier.cc/retail/supermoon-soft-core-vest.html,http://shop.outlier.cc/shop/media/catalog/product/cache/2/image/880x/17f82f742ffe127f42dca9de82fb58b1/1/0/101_outlier_supermoonvest_1.jpg
Woolback FreeShell,Outerwear,Clothes,Woolback,2013-01-08,Slate Gray,365,FALSE,FALSE,Men,http://shop.outlier.cc/retail/woolback-freeshell.html,http://shop.outlier.cc/shop/media/catalog/product/cache/2/image/880x/17f82f742ffe127f42dca9de82fb58b1/1/0/101_outlier_woolbackfreeshell_1_2.jpg
Nyco Slims,Pants,Clothes,Nyco,2012-12-17,"Navy, Olive Drab",98,TRUE,FALSE,Men,http://shop.outlier.cc/shop/retail/nycoslims.html,http://outlier.cc/products/nycoslims/201-OUTLIER-NycoSlims-NavyFlat.jpg
Supermarine Soft Core Jacket,Outerwear,Clothes,Soft Core,2012-12-17,"Navy Gray, Tan",789,FALSE,FALSE,Men,http://shop.outlier.cc/shop/retail/softcorejacket.html,http://shop.outlier.cc/shop/media/catalog/product/cache/2/image/880x/17f82f742ffe127f42dca9de82fb58b1/1/0/101_outlier_softcorejacket_2.jpg
Digital Linen Bandana,Bandana,Accessory,Linen,2012-12-11,,47,TRUE,FALSE,Unisex,http://shop.outlier.cc/shop/retail/bandana.html,http://shop.outlier.cc/shop/media/catalog/product/cache/2/image/880x/17f82f742ffe127f42dca9de82fb58b1/2/1/211-outlier-bandana-blackflat.jpg
Megafine Merino Socks,Socks,Clothes,Merino,2012-12-04,Black,21,FALSE,FALSE,Unisex,http://shop.outlier.cc/retail/megafinesock.html,http://milled.com/messages/2012-12-04/xj58FQXqh9XA1njg/4be92860b308c77f4ead494870a5ee8372d83bff.jpg
Supermarine Rain Shirt,Shirt,Clothes,Supermarine,2012-11-29,Gray,275,TRUE,FALSE,Men,,http://outlier.cc/MT/images/rainshirt/106-OUTLIER-Water.jpg
Ultrafine Merino T-Shirt,T-Shirt,Clothes,Merino,2012-11-29,"Black, Near White",98,FALSE,FALSE,Men,http://shop.outlier.cc/shop/retail/ultrafine-merino-tee.html,http://milled.com/messages/2012-11-29/pMJdaPwSH5QRmr4W/c054c9853ac30eb9a0abe400a4f330cec0b364a6.jpg
Northeast Pivot Shirt,Shirt,Clothes,Cotton,2012-11-29,,98,TRUE,FALSE,Men,http://shop.outlier.cc/shop/retail/northeast-pivot-sleeve-shirt.html,http://shop.outlier.cc/shop/media/catalog/product/cache/2/image/880x/17f82f742ffe127f42dca9de82fb58b1/1/0/101_nelede.jpg
Slim Dungarees,Pants,Clothes,Workcloth,2012-11-29,,198,TRUE,FALSE,Men,http://shop.outlier.cc/shop/retail/slim-dungarees.html,http://outlier.cc/productentries/products/slimdungarees/208-OUTLIER-SlimDungarees-IndigoFront.jpg
Ladies Slimmer Dungarees,Pants,Clothes,Workcloth,2012-11-28,,198,FALSE,FALSE,Women,http://shop.outlier.cc/shop/retail/lsd.html,http://outlier.cc/products/ladiesslimmerdungarees/212-OUTLIER-LSDs-GraySwoosh.jpg
Ladies Soft Core Vest,Vest,Clothes,Soft Core,2012-11-28,,,FALSE,FALSE,Women,http://shop.outlier.cc/shop/retail/ladiessoftcore.html,http://shop.outlier.cc/shop/media/catalog/product/cache/2/image/880x/17f82f742ffe127f42dca9de82fb58b1/1/0/101_outlier_ladiesvest_1.jpg
New OGs,Pants,Clothes,OG,2012-11-19,,198,FALSE,FALSE,Men,http://shop.outlier.cc/shop/retail/new-og.html,http://outlier.cc/products/newogs/202-OUTLIER-NewOGs-NavyFront.jpg
OG Blazer,Blazer,Clothes,OG,2012-11-13,"Navy, Slate Gray",550,FALSE,FALSE,Men,http://shop.outlier.cc/shop/retail/ogblazer.html,http://outlier.cc/products/ogblazer/203-OUTLIER-OGBlazer-NavyFrontLeft.jpg
Merino Ribbed Henley,Henley,Clothes,Merino,2012-11-05,"Black, Blue, Deep Gray, Medium Gray",148,TRUE,FALSE,Men,http://shop.outlier.cc/shop/retail/merino-ribbed-henley.html,http://outlier.cc/productentries/products/merinoribbedhenley/201-OUTLIER-MerinoRibbedHenley-Black.jpg
Doublefine Merino Cardigan,Sweater,Clothes,Merino,2012-10-16,"Deep Gray, Medium Gray, Black, Deep Blue",240,TRUE,FALSE,Men,http://shop.outlier.cc/shop/retail/doublefine-cardigan.html,http://outlier.cc/productentries/products/doublefinecardigan/205-OUTLIER-DoublefineCardigan-BlackFront.jpg
Liberated Wool Peacoat,Outerwear,Clothes,Liberated Wool,2012-10-08,"Ash Gray, Charcoal",650,TRUE,FALSE,Men,http://shop.outlier.cc/shop/retail/liberated-wool-peacoat.html,http://outlier.cc/productentries/products/henley/202-OUTLIER-Peacoat-Charcoal.jpg
Nyco Slims,Pants,Clothes,Nyco,2012-09-26,"Navy, Olive Drab",98,TRUE,FALSE,Men,http://shop.outlier.cc/shop/retail/nycoslims.html,http://outlier.cc/products/nycoslims/201-OUTLIER-NycoSlims-NavyFlat.jpg
Ultralight Blazer,Blazer,Clothes,Ultralight,2012-09-06,,550,FALSE,FALSE,Men,http://shop.outlier.cc/shop/retail/blazer.html,http://outlier.cc/productentries/products/ultralightblazer/201-OUTLIER-UltralightBlazer-GrayTurn.jpg
Experimental Sunshirt,Shirt,Clothes,Seersucker,2012-08-28,,195,FALSE,FALSE,Men,,http://trackosaurus.wpengine.netdna-cdn.com/old/images/OutlierSunShirt.jpg
Supermarine Anorak,Outerwear,Clothes,Supermarine,2012-07-31,"Navy Gray, Tan",580,FALSE,FALSE,Men,http://shop.outlier.cc/shop/retail/anorak.html,http://shop.outlier.cc/shop/media/catalog/product/cache/2/image/880x/17f82f742ffe127f42dca9de82fb58b1/1/0/100-outlier-anorakfreefall_1_1.jpg
Ultralight Shorts,Shorts,Clothes,Ultralight,2012-07-18,"Red, Blue, Gray",144,TRUE,FALSE,Men,http://shop.outlier.cc/shop/retail/ultralightshorts.html,http://shop.outlier.cc/shop/media/catalog/product/cache/2/image/880x/17f82f742ffe127f42dca9de82fb58b1/1/0/101-outlier-ultralightshorts-coollook.jpg
Slim Dungarees,Pants,Clothes,Workcloth,2012-07-07,"Black, Indigo Blue, Blacktint Green, Darkindigo",198,TRUE,FALSE,Men,http://shop.outlier.cc/shop/retail/slim-dungarees.html,http://outlier.cc/productentries/products/slimdungarees/208-OUTLIER-SlimDungarees-IndigoFront.jpg
Supermarines,Shoes,Clothes,Supermarine,2012-06-27,"Black, Navy",333,FALSE,FALSE,Men,http://shop.outlier.cc/shop/retail/supermarines.html,http://shop.outlier.cc/shop/media/catalog/product/cache/2/image/880x/17f82f742ffe127f42dca9de82fb58b1/s/u/supermarines.jpg
Ultrafine Merino T-Shirt,T-Shirt,Clothes,Merino,2012-06-22,"Black, Pop Blue, Pop Green, Copper",98,TRUE,FALSE,Men,http://shop.outlier.cc/shop/retail/ultrafine-merino-tee.html,http://outlier.cc/productentries/products/merinot/204-OUTLIER-UltrafineT-jpg
Supermarine Rain Shirt,Shirt,Clothes,Supermarine,2012-06-09,Gray,275,FALSE,FALSE,Men,,http://outlier.cc/MT/images/rainshirt/106-OUTLIER-Water.jpg
FreeShell,Outerwear,Clothes,OG,2012-06-05,"Slate Gray, Nebula Blue",365,FALSE,FALSE,Men,http://shop.outlier.cc/shop/retail/freeshell.html,http://shop.outlier.cc/shop/media/catalog/product/cache/2/image/880x/17f82f742ffe127f42dca9de82fb58b1/f/r/freeshell.jpg
Three Way Shorts,Shorts,Clothes,OG,2012-06-02,"Black, Blue, Red, Green",148,TRUE,FALSE,Men,http://shop.outlier.cc/shop/retail/summer-shorts.html,http://shop.outlier.cc/shop/media/catalog/product/cache/2/image/880x/17f82f742ffe127f42dca9de82fb58b1/1/0/101-outlier-threewayshorts-shortsfront.jpg
Superfine Merino Baselayer,T-Shirt,Clothes,Merino,2012-05-16,,98,TRUE,FALSE,Men,,http://milled.com/messages/2013-01-15/YCRDc_uJRIwnirLE/1d50bad5b89541c2f238913b2eb13ac495e15687.jpg
The Cargos,Shorts,Clothes,“60/30”,2012-05-16,,225,FALSE,FALSE,Men,,http://cdnl.complex.com/mp/620/400/80/0/bb/1/ffffff/e5966ff2943b004fe4e9394564e29249/images_/assets/CHANNEL_IMAGES/STYLE/2012/05/202outliercargosblueflat.jpg
Digital Linen Bandana,Bandana,Accessory,Linen,2012-05-08,,47,TRUE,FALSE,Unisex,http://shop.outlier.cc/shop/retail/bandana.html,http://shop.outlier.cc/shop/media/catalog/product/cache/2/image/880x/17f82f742ffe127f42dca9de82fb58b1/2/1/211-outlier-bandana-blackflat.jpg
Three Way Longs,Shorts,Clothes,OG,2012-05-02,,138,TRUE,FALSE,Men,http://shop.outlier.cc/shop/retail/threewaylong.html,http://shop.outlier.cc/shop/media/catalog/product/cache/2/image/880x/17f82f742ffe127f42dca9de82fb58b1/t/h/theewaylongs.jpg
Hill-Side Spring Vest,Vest,Clothes,Soft Core,2012-04-24,,240,FALSE,FALSE,Men,,http://media2.hickorees.com/image/TheHill-SideOutlierOceanPrintVestNavy_L1.jpg
Two-Ply Blazed Button Down,Shirt,Clothes,Cotton,2012-04-16,,,FALSE,FALSE,Men,http://shop.outlier.cc/shop/retail/two-ply-blazed.html,http://outlier.cc/productentries/products/blazed2ply/201-OUTLIER-Blazed2Ply-Front.jpg
Blazed Cotton Pivot Shirt,Shirt,Clothes,Cotton,2012-04-03,,144,TRUE,FALSE,Men,http://shop.outlier.cc/shop/retail/blazed2.html,http://shop.outlier.cc/shop/media/catalog/product/cache/2/image/880x/17f82f742ffe127f42dca9de82fb58b1/1/0/101-outlier-ledeblazed.jpg
Strongcloth Vest,Vest,Clothes,Strongcloth,2012-03-26,,,FALSE,FALSE,Men,,https://s-media-cache-ec0.pinimg.com/736x/c7/ff/9d/c7ff9d4237580ce1c511620ae197721a.jpg
Doublefine Merino Cardigan,Sweater,Clothes,Merino,2012-03-20,,240,FALSE,FALSE,Men,http://shop.outlier.cc/shop/retail/doublefine-cardigan.html,http://outlier.cc/productentries/products/doublefinecardigan/205-OUTLIER-DoublefineCardigan-BlackFront.jpg
60/30 Chinos,Pants,Clothes,“60/30”,2012-03-12,"Flat Tan, Midnight Gray, Olive",225,TRUE,FALSE,Men,http://shop.outlier.cc/shop/retail/chino.html,http://outlier.cc/productentries/products/6030chinos/202-OUTLIER-Flat-MidnightGray.jpg
Northeast Pivot Shirt,Shirt,Clothes,Cotton,2012-03-06,,98,TRUE,FALSE,Men,http://shop.outlier.cc/shop/retail/northeast-pivot-sleeve-shirt.html,http://shop.outlier.cc/shop/media/catalog/product/cache/2/image/880x/17f82f742ffe127f42dca9de82fb58b1/1/0/101_nelede.jpg
Liberated Wool Hoodie,Hoodie,Clothes,Liberated Wool,2012-03-06,,450,FALSE,FALSE,Men,http://shop.outlier.cc/shop/retail/liberatedhoodie.html,http://outlier.cc/MT/images/liberatedhoodie/201OUTLIERLiberatedHoodieLede.jpg
Minimal Backpack,Backpack,Accessory,Dyneema,2011-12-07,White,168,FALSE,FALSE,Unisex,http://shop.outlier.cc/shop/retail/minimalbackpack.html,http://milled.com/messages/2013-10-15/ZUoZ26Pf4b0kcOcu/25f736d8a2608f1cd96306d356abcbeafea6de64.jpg
Short Watch Cap,Cap,Accessory,Merino,2011-11-29,"Blue, Charcoal, Green",48,FALSE,FALSE,Unisex,http://shop.outlier.cc/shop/retail/short-watch.html,http://outlier.cc/productentries/products/shortwatchcap/202-OUTLIER-WatchCaps-BlueShort.jpg
Long Watch Cap,Cap,Accessory,Merino,2011-11-29,"Blacktint Green, Charcoal, Navy",75,FALSE,FALSE,Unisex,http://shop.outlier.cc/shop/retail/long-watch.html,http://outlier.cc/productentries/products/longwatchcap/203-OUTLIER-WatchCaps-GreenLong.jpg
Woolback OG,Pants,Clothes,Woolback,2011-11-29,Slate Gray,240,FALSE,FALSE,Men,http://shop.outlier.cc/shop/retail/woolback.html,http://shop.outlier.cc/shop/media/catalog/product/cache/2/image/880x/17f82f742ffe127f42dca9de82fb58b1/1/0/103_outlier_woolbackog_1.jpg
Classic Merino Hoodie,Hoodie,Clothes,Merino,2011-11-29,,225,FALSE,FALSE,Men,,http://www.kineda.com/wp-content/uploads/2011/11/outlier_hoodie.jpg
Technical Merino Cardigan,Outerwear,Clothes,Merino,2011-11-29,,,FALSE,FALSE,Men,,http://outlier.cc/productentries/products/doublefinecardigan/205-OUTLIER-DoublefineCardigan-BlackFront.jpg
Liberated Wool Peacoat,Outerwear,Clothes,Liberated Wool,2011-10-18,"Ash Gray, Charcoal",650,TRUE,FALSE,Men,http://shop.outlier.cc/shop/retail/liberated-wool-peacoat.html,http://outlier.cc/productentries/products/henley/202-OUTLIER-Peacoat-Charcoal.jpg
Merino Ribbed Henley,Henley,Clothes,Merino,2011-10-17,,148,TRUE,FALSE,Men,http://shop.outlier.cc/shop/retail/merino-ribbed-henley.html,http://outlier.cc/productentries/products/merinoribbedhenley/201-OUTLIER-MerinoRibbedHenley-Black.jpg
Pivotal Bomber Jacket,Outerwear,Clothes,OG,2011-10-11,,290,FALSE,FALSE,Men,,http://outlier.cc/images/bomber/205-Outlier_Bomber_0063.jpg
Autumnweight 60/30 Chinos,Pants,Clothes,“60/30”,2011-10-04,"Safari, Navy, Olive",225,FALSE,FALSE,Men,,http://24.media.tumblr.com/tumblr_lt9s8n0C101r4l8vmo1_1280.jpg
New Works,Pants,Clothes,Strongcloth,2011-09-11,Slate,147,FALSE,FALSE,Men,,http://therareformcycling.com/wp-content/uploads/2011/09/202-outlier-new-works.jpg
Soft Core Wool Vest,Vest,Clothes,Soft Core,2011-09-10,,225,FALSE,FALSE,Men,http://shop.outlier.cc/shop/retail/soft-core-wool-vest.html,http://shop.outlier.cc/shop/media/catalog/product/cache/2/image/880x/17f82f742ffe127f42dca9de82fb58b1/1/0/101-outlier-vest.jpg
Storm King Parka,Outerwear,Clothes,Supermarine,2011-09-06,,650,FALSE,FALSE,Men,http://shop.outlier.cc/shop/retail/storm-king.html,http://outlier.cc/images/stormking/200-outlier-storm-king-parka.jpg
Outlier for Mishka,Shirt,Clothes,Cotton,2011-08-22,,84,FALSE,FALSE,Men,,http://outlier.cc/mishka/IMG_9539.jpg
3XDry Anorak,Outerwear,Clothes,Linen/Cotton,2011-07-19,,425,FALSE,FALSE,Men,,http://cdn.psfk.com/wp-content/uploads/2011/07/201-outlier-anorak-flats-236x190.jpg
Blazed Cotton Pivot Shirt,Shirt,Clothes,Cotton,2011-06-21,,144,FALSE,FALSE,Men,http://shop.outlier.cc/shop/retail/blazed2.html,http://shop.outlier.cc/shop/media/catalog/product/cache/2/image/880x/17f82f742ffe127f42dca9de82fb58b1/1/0/101-outlier-ledeblazed.jpg
Ultralight Trousers,Pants,Clothes,Ultralight,2011-06-16,"Deep Navy, New Slate",240,FALSE,FALSE,Men,http://shop.outlier.cc/retail/ultralights.html,http://outlier.cc/productentries/products/ultralighttrousers/203-OUTLIER-UltralightTrousers-GrayFront.jpg
Ultrafine Merino T-Shirt,T-Shirt,Clothes,Merino,2011-06-08,"Black, Pop Blue, Pop Green, Copper",98,TRUE,FALSE,Men,http://shop.outlier.cc/shop/retail/ultrafine-merino-tee.html,http://outlier.cc/productentries/products/merinot/204-OUTLIER-UltrafineT-jpg
Ultrafine Merino V-Neck,T-Shirt,Clothes,Merino,2011-06-08,"Dark Navy, Near White",98,TRUE,FALSE,Men,http://shop.outlier.cc/shop/retail/ultrafine-merino-v-neck.html,http://outlier.cc/productentries/products/ultrafinev/201-OUTLIER-UltrafineV-Blue.jpg
Dolomite Pivot Sleeve Shirt,Shirt,Clothes,Dolomite,2011-05-24,"Navy, Black",220,FALSE,FALSE,Men,,http://outlier.cc/images/dolomite/001OUTLIERBlazedLede.jpg
60/30 Shorts,Shorts,Clothes,“60/30”,2011-05-17,,137,FALSE,FALSE,Men,,http://cdnl.complex.com/mp/620/400/80/0/bb/1/ffffff/2ccdbd8708095e9831f53cb88bf8c40e/images_/assets/CHANNEL_IMAGES/STYLE/2011/05/Corey/101outlierlongshortflat.jpg
Slim Dungarees,Pants,Clothes,Workcloth,2011-05-09,"Bluetint Gray, Black, Indigo Blue",198,TRUE,FALSE,Men,http://shop.outlier.cc/shop/retail/slim-dungarees.html,http://outlier.cc/productentries/products/slimdungarees/208-OUTLIER-SlimDungarees-IndigoFront.jpg
Slim Dungarees (Long),Pants,Clothes,Workcloth,2011-05-09,Bluetint Gray,198,FALSE,FALSE,Men,http://shop.outlier.cc/shop/retail/slim-dungarees.html,http://outlier.cc/productentries/products/slimdungarees/208-OUTLIER-SlimDungarees-IndigoFront.jpg
Merino Ribbed Henley,Henley,Clothes,Merino,2011-04-19,,148,FALSE,FALSE,Men,http://shop.outlier.cc/shop/retail/merino-ribbed-henley.html,http://outlier.cc/productentries/products/merinoribbedhenley/201-OUTLIER-MerinoRibbedHenley-Black.jpg
Cali Short Sleeve Pivot Shirt,Shirt,Clothes,Cotton,2011-04-19,,98,FALSE,FALSE,Men,http://shop.outlier.cc/shop/retail/cali-short-sleeve-pivot-shirt.html,http://shop.outlier.cc/shop/media/catalog/product/cache/2/image/880x/17f82f742ffe127f42dca9de82fb58b1/1/0/101-outlier-caliss-unbuckle-880.jpg
Partner B Tank,Tank Top,Clothes,Merino,2011-04-19,,,FALSE,FALSE,Men,,http://outlier.cc/images/spring2011collection/01OUTLIERTankLede.jpg
Supermarine Summer Storm Cap,Cap,Accessory,Supermarine,2011-04-19,,75,FALSE,FALSE,Unisex,,http://zlogblog.com/wp-content/uploads/2011/04/01outliersapphirebluecap-580x396.jpg
Liberated Wool Peacoat,Outerwear,Clothes,Liberated Wool,2010-10-27,"Dark Navy, Medium Gray, Orange, Black",650,FALSE,FALSE,Men,http://shop.outlier.cc/shop/retail/liberated-wool-peacoat.html,http://outlier.cc/productentries/products/henley/202-OUTLIER-Peacoat-Charcoal.jpg
Keirin Cuts,Pants,Clothes,Workcloth,,"Black, Indigo Blue",188,FALSE,TRUE,Men,http://shop.outlier.cc/shop/retail/keirin-cuts.html,http://outlier.cc/productentries/products/keirincuts/201-OUTLIER-KeirinCuts-BlackFront.jpg
Ultrafine Merino Trophy Tank,Tank Top,Clothes,Merino,,,,FALSE,TRUE,Men,,http://cdn.trend.nu/content/ow/3P/cQ/ow3PcQBzHckv7O1_XOAJ_regular.jpg?1409531725